
<?xml-stylesheet type="text/xsl" href="../../../../../XSL/gat-u9.xsl"?>
<!DOCTYPE jp-official-gazette PUBLIC "-//JPO//DTD REGISTERED UTILITY MODEL 1.0//EN" "../../../../../DTD/gat-u9.dtd">
<jp-official-gazette lang="ja" country="JP" xmlns:jp="http://www.jpo.go.jp" kind-of-jp="U9" dtd-version="1.0" kind-of-st16="U">
    <bibliographic-data lang="ja" country="JP">
        <publication-reference>
            <document-id>
                <country>JP</country>
                <doc-number>3096803</doc-number>
                <kind>登録実用新案公報(U)</kind>
                <date>20030716</date>
            </document-id>
        </publication-reference>
        <application-reference>
            <document-id>
                <doc-number>2003001704</doc-number>
                <date>20030331</date>
            </document-id>
        </application-reference>
        <invention-title>光触媒エアクリーナー</invention-title>
        <parties>
            <jp:applicants-agents-article>
                <jp:applicants-agents sequence="1">
                    <applicant sequence="1">
                        <addressbook lang="ja">
                            <name>台灣日光燈股▲ふん▼有限公司</name>
                            <registered-number>500369533</registered-number>
                            <address>
                                <text>台湾台北市南京東路１段４６號８樓</text>
                            </address>
                        </addressbook>
                    </applicant>
                    <agent jp:kind="representative" sequence="1">
                        <addressbook>
                            <name>伊東　忠彦</name>
                            <registered-number>100070150</registered-number>
                        </addressbook>
                        <jp:attorney/>
                    </agent>
                    <agent jp:kind="representative" sequence="2">
                        <addressbook>
                            <name>大貫　進介</name>
                            <registered-number>100091214</registered-number>
                        </addressbook>
                        <jp:attorney/>
                    </agent>
                    <agent jp:kind="representative" sequence="3">
                        <addressbook>
                            <name>伊東　忠重</name>
                            <registered-number>100107766</registered-number>
                        </addressbook>
                        <jp:attorney/>
                    </agent>
                </jp:applicants-agents>
            </jp:applicants-agents-article>
            <inventors>
                <inventor sequence="1">
                    <addressbook>
                        <name>黄　處　俊</name>
                        <address>
                            <text>台湾新竹縣竹東鎮三重里中興路２段２２１巷７９號</text>
                        </address>
                    </addressbook>
                </inventor>
            </inventors>
        </parties>
        <dates-of-public-availability>
            <printed-with-grant>
                <document-id>
                    <date>20040108</date>
                </document-id>
            </printed-with-grant>
        </dates-of-public-availability>
        <classification-ipc>
            <edition>7</edition>
            <main-clsf>A61L9/00</main-clsf>
            <further-clsf>A61L9/20</further-clsf>
            <further-clsf>B01D53/86</further-clsf>
        </classification-ipc>
        <classification-national>
            <country>JP</country>
            <main-clsf>A61L9/00 C</main-clsf>
            <further-clsf>A61L9/20</further-clsf>
            <further-clsf>B01D53/36 J</further-clsf>
        </classification-national>
        <number-of-claims jp:adopted-law="claim">8</number-of-claims>
        <figure-to-publish>
            <fig-number>2</fig-number>
        </figure-to-publish>
        <jp:request-for-registrability-report true-or-false="false"/>
        <jp:filing-form>ＯＬ</jp:filing-form>
        <jp:total-pages>8</jp:total-pages>
    </bibliographic-data>
    <jp:image-of-bibliographic-data>
        <img he="140" id="000001" wi="160" file="0003096803.tif" img-format="tif" img-content="drawing"/>
    </jp:image-of-bibliographic-data>
    <jp:image-of-chosen-drawing>
        <img he="99" id="000002" wi="66" file="0003096803.tif" img-format="tif" img-content="drawing"/>
    </jp:image-of-chosen-drawing>
    <description>
        <p num="">【０００１】<br/>
【考案の属する技術分野】<br/>
本考案は、光触媒エアクリーナーに係わり、特に滅菌や脱臭や汚染物除去などの機能を有する光触媒エアクリーナーに関する。<br/>
【０００２】<br/>
【従来の技術】<br/>
図１に示すのは、従来のエアクリーナー８の分解斜視図であり、エアクリーナー８には、ケーシング８０と、ろ過メッシュ８１と、ファン装置８２とを有し、ろ過メッシュ８１が大体多孔性の編み物や非編み物などからなり、それがケーシング８０とファン装置８２との間に配置され、ファン装置８２の運転によって気流をケーシング８０とろ過メッシュ８１に通させるように流させ、流される気流におけるエアがろ過メッシュ８１における小さな孔部を通す際、それに含まれる埃や不純物などが阻止され、それらのろ過メッシュ８１に止まられ、ろ過の作用を発揮する。<br/>
【０００３】<br/>
しかしながら、工業の過度的な開発による汚染と、建築物と交通との密集的な状況によって、エアに含まれる汚染物には、単なる埃と不純物だけではなくなり、さらに黴菌や微生物や浮遊細菌や毒ガスや臭みや有機物などの汚染物を含むようになっており、現代の人々は排気の蒙った街角に生きているようになってしまい、また、密閉で循環するエアコンの配置する場所で仕事をする場合では、排気が長期間に堆積すると共に、人員の進出によってもたらす細菌などがエア品質の悪化を招き、それらのことがすべて人間の体の健康に大した傷害をもたらす原因となっている。<br/>
【０００４】<br/>
しかしながら、従来のエアクリーナー８の場合では、単に一時の埃と不純物を吸着する作用しかなく、細菌を殺す機能や、有機物や毒ガスや臭みなどを序供する機能など一切なく、また、長期間に亘って使用されることによって前記ろ過メッシュ８１には大量の埃や不純物などが付着され、エアクリーニングの効率を低減してしまい、そのため、人々は有害の細菌を吸い込むことを避けられなくなってしまい、好ましいクリーニング効果を保有するためには、頻繁にろ過メッシュ８１を交換しなければならず、消費者の支出の負担が増加する。<br/>
【０００５】<br/>
【考案が解決しようとする課題】<br/>
本考案は、対流強引生成装置によってエアを光触媒ライト・チューブに通させるように流させ、その光触媒ライト・チューブの酸化作用により滅菌や脱臭や汚染物除去などの機能を実現し、室内の空気の品質を改善する、光触媒エアクリーナーを提供することをその主要な目的とする。<br/>
【０００６】<br/>
【課題を解決するための手段】<br/>
前記の目的を図るために、本考案は、エア導入口を有する柵板と、コントロール・パネルを有する本体と、エア導出口を有するケーシングとを備えるマシン・ボディと、前記マシン・ボディの本体に設けられる対流強引生成装置と、前記マシン・ボディにおける本体とケーシングとの間に配置される、少なくとも一本の光触媒ライト・チューブと、を含み、前記コントロール・パネルを操作することによって前記対流強引生成装置に運転させると共に、前記光触媒ライト・チューブを点灯させ、エアが前記対流強引生成装置につれられて前記エア導入口より吸入され、光線に励起される光触媒を通過し、有毒細菌や毒ガスや臭みや有機物などの汚染物を酸化分解されてから、前記エア導出口より排気されてエアクリーニングの効果を達成する、光触媒エアクリーナーを提供する。<br/>
【０００７】<br/>
本考案の特徴と技術内容をさらに解明させるために、以下に添付図面を参照しながら本考案の好適な実施の形態を詳細的に説明するが、それらの詳細的な説明による具体的な構造は単に本考案のある実施可能な実施例に過ぎず、本考案の主張範囲を狭義的に定義するものではない。<br/>
【０００８】<br/>
【考案の実施の形態】<br/>
図２ないし図６に示すように、本考案による光触媒エアクリーナーには、主に、マシン・ボディ１と、対流強引生成装置２と、少なくとも一本の光触媒ライト・チューブ３とを有し、そのうち、図２に示すように、そのマシン・ボディ１には柵板１０と本体１２とケーシング１４とを備え、そのうち、柵板１０には複数の細長状のエア導入口１１を有し、それが本体１２の前側に係合され、また、本体１２にはコントロール・パネル１３（図３参照）が配置され、コントロール・パネル１３には電源スイッチ・キー１３０と風速調整キー１３１と時間決め設定キー１３２とスイッチオン／オフ状態と風速の大きさと事件決めの時間などを表示するための指示灯１３３とを有し、ケーシング１４が透明な材質からなるものであり、ネジ１４０によって本体１２の後側に螺着され、且つケーシング１４にはエア導出口１５が設けられている。<br/>
【０００９】<br/>
対流強引生成装置２がマシン・ボディ１の本体１２に配置され、それがファン２０と仕切板２１とからなり、そのうち、ファン２０として遠心ファンなどの類型の市販のファンを使用でき、また、仕切板２１が渦状に形成されると共に、ファン２０の外周縁部に設けられ、反時計方向に沿ってその幅を増幅してゆくように形成される流路１７を有し、流路１７が流体力学の低風抵抗の原理に該当し（図４参照）、通過するエアを最も順調的で、最も快速的にエア導出口１５より流出させることができる。<br/>
【００１０】<br/>
光触媒ライト・チューブ３として従来の構造（台湾公告第３５６２２４号）を採用でき、それが紫外線ライト・チューブとガラスファイバー布材と光触媒メッキ膜とからなり（図示省略）、その紫外線ライト・チューブの外周縁部に適当な厚さを有するガラスファイバー布材が包まれ、それがガラスファイバー・ブシュや他の相当的な機能を有するガラスファイバー材料を使用でき、且つ当該ガラスファイバー部の外周縁部に二酸化チタンの光触媒メッキ膜を付着させ、当該二酸化チタンが安定性と酸化性とがかなり強い材料であり、紫外線ライト・チューブが点灯されて波長が３６５ｎｍの紫外線を出射する場合、励起されて正孔を生じ、それらの正孔がエアにおける酸素と水分に出会うたびに酸化水素自由基を生成し、当該酸化水素自由基が殺菌剤となり、直接的に細菌の細胞膜を貫通通過でき、細胞質を流失させ、細胞核を酸化し、葡萄菌や大腸菌や黴菌などの有害的細菌を滅菌でき、且つアンモニウムやエタナールや酸化炭素やフェニルエチレンやプロピレンやメタンチオールや粉埃や垢やタバコオイルなどの有機物を分解でき、有毒細菌や毒ガスや臭みや有機物などの汚染物を酸化分解でき（図７参照。図７は本考案の光触媒エアクリーナーによってｎ−ブチルアセタート排気（４００Ｌ）に対し脱臭を実行する場合の効率分解図であり、図から分かるように、排気の濃度が照射の時間の長引くことに従って低下してゆき、当該ｎ−ブチルアセタート排気を効果的に分解できることが分かる）、前記のそれぞれの構成によって前記光触媒ライト・チューブ３を形成する。<br/>
【００１１】<br/>
図２に図３と図４を合せて示すように、柵板１０が係合の方式によって本体１２の前側に結合されると共に、柵板１０と本体１２との間にろ過メッシュ４を配置し、ろ過メッシュ４が本体１２の前側の凹槽１２０に係合され、光触媒ライト・チューブ３がリング状に形成されると共に、対流強引生成装置２のファン２０と仕切板２１との間に収納され、ケーシング１４がネジ１４０によって本体１２の後側に固着される。<br/>
【００１２】<br/>
ユーザーがコントロール・パネル１３におけるキーを押す場合、対流強引生成装置２に運転させると共に、光触媒ライト・チューブ３を点灯させ、エアが強引にエア導入口１１より吸い込まれ、まずろ過メッシュ４によって大部分の埃や不純物などを除去後、ファン２０を通し、光触媒ライト・チューブ３がファン２０の外周縁部に配置されるため、すべてのエアがすべて点灯した光触媒ライト・チューブ３を通すことを確保でき、滅菌や脱臭や汚染物除去などのエアクリーニング作業と酸化反応を経過し、仕切板２１に沿って流体力学に該当する流路１７を形成しているので、エアを順調的で快速的にエア導出口１５より排気でき、汚い、汚染されたエアを効果的に滅菌、ろ過する効果を得られ、綺麗ですがすがしい空気を生成出来る。<br/>
【００１３】<br/>
図５に示すのは本考案の光触媒エアクリーナーの第二の実施の形態であり、そのケーシング１４’の光触媒ライト・チューブ３’に対応する位置に円形のカバー１６’が分割形成され、カバー１６’がネジ１６０’によってファン２０’に螺着され、光触媒ライト・チューブ３’が壊れた場合、単にファン２０’におけるネジ１６０’を弛めば、気軽で容易にカバー１６’を取り外すことができ、気軽で簡単に光触媒ライト・チューブ３’を交換できる。<br/>
【００１４】<br/>
また、図６に示すのは、本考案による光触媒エアクリーナーの第三の実施の形態であり、それらの光触媒ライト・チューブ３”が長尺状に形成されるライト・チューブを採用し、且つエア導出口１５”の下方に配置され、エア導出口１５”より流出するエアをすべて光触媒ライト・チューブ３”に通させることによって有毒細菌や毒ガスや臭みや有機物などの汚染物を酸化分解し、綺麗ですがすがしいエアを生成させることができる。<br/>
【００１５】<br/>
【考案の効果】<br/>
前記に説明した通り、本考案による光触媒エアクリーナーは、使用と浄化とメンテナンスなどの面において、次のような優れた点を有する。<br/>
【００１６】<br/>
１．本考案における光触媒ライト・チューブは二酸化チタンを酸化剤として強力的な滅菌能力を有する酸化水素自由基を生成できるので、埃や細菌などに対し浄化と酸化との作用を発揮でき、滅菌や脱臭や汚染物除去などの効果を達成でき、エアの品質を大幅に向上でき、また、前記光触媒ライト・チューブが埃や細菌などが付着しにくいため、長期間使用しても、単にブラシによって軽く掃除すれば好ましい効能を有するまま再利用できるので、従来のエアクリーナーの一時性の埃や不純物などを吸着できるだけの欠点を解消でき、且つ従来物の頻繁的にろ過メッシュを交換する必要がある課題をも解消できるので、消費者の負担を軽減できる。<br/>
【００１７】<br/>
２．前記マシン・ボディの柵板とその内部に配置されるろ過メッシュとがすべて係合の方式によって固定されるので、取り外しと洗濯との作業が簡単になる。<br/>
【００１８】<br/>
３．前記光触媒ライト・チューブが前記ファンの外周縁部またはエア導出口の下方に配置されるので、ファンによって吸い込むエアをすべて前記光触媒ライト・チューブに通させることを確保でき、効果的に滅菌と脱臭と汚染物除去を実行するための酸化反応を確実的に実行できる。<br/>
【００１９】<br/>
４．前記ケーシングとして透明な材質からなるものを採用するので、光触媒ライト・チューブの光線が前記ケーシングより滲み出ることができるので、小夜灯としての機能をも有する。<br/>
【００２０】<br/>
５．前記カバーがネジによって前記ファンに螺着されるので、単にそれらのネジ同士を弛めば、容易に前記カバーを取り外すことができ、前記マシン・ボディ内の光触媒ライト・チューブを容易に交換できるようになっている。<br/>
【００２１】<br/>
前記に説明した通り、本考案による場合、小夜灯としての機能を有するほか、取り外しに便利であり、且つ空気中の汚染物や最近をろ過除去できる機能を有する。<br/>
【図面の簡単な説明】<br/>
【図１】従来のエアクリーナーを示す分解斜視図である。<br/>
【図２】本考案の光触媒エアクリーナーを示す分解斜視図である。<br/>
【図３】本考案の光触媒エアクリーナーを示す組立斜視図である。<br/>
【図４】本考案の光触媒エアクリーナーを示す背面図である。<br/>
【図５】本考案の光触媒エアクリーナーの第二の実施の形態を示す分解斜視図である。<br/>
【図６】本考案の光触媒エアクリーナーの第三の実施の形態を示す背面図である。<br/>
添付一は本考案の光触媒エアクリーナーのｎ−ブチルアセタート排気（４００Ｌ）に対し脱臭を実行する場合の効率分解図である。<br/>
【図７】光触媒エアクリーナーによってｎ−ブチルアセタート排気（４００Ｌ）に対し脱臭を実行する場合の効率分解図である。<br/>
【符号の説明】<br/>
１　　　マシン・ボディ<br/>
２　　　対流強引生成装置<br/>
３，３’、３”　光触媒ライト・チューブ<br/>
４　　　ろ過メッシュ<br/>
１０　　柵板<br/>
１１　　エア導入口<br/>
１２　　本体<br/>
１３　　コントロール・パネル<br/>
１４，１４’　ケーシング<br/>
１５，１５’　エア導出口<br/>
１６’　カバー<br/>
１７　　流路<br/>
２０，２０’　ファン<br/>
２１　　仕切板<br/>
１２０　凹槽<br/>
１３０　電源スイッチ・キー<br/>
１３１　風速調整キー<br/>
１３２　時間決め設定キー<br/>
１３３　指示灯<br/>
１４０、１６０’　ネジ</p>
    </description>
    <claims>
        <claim num="1">
            <claim-text>エア導入口を有する柵板と、コントロール・パネルを有する本体と、エア導出口を有するケーシングとを備えるマシン・ボディと、<br/>
前記マシン・ボディの本体に設けられる対流強引生成装置と、<br/>
前記マシン・ボディにおける本体とケーシングとの間に配置される、少なくとも一本の光触媒ライト・チューブと、を含み、<br/>
前記コントロール・パネルを操作することによって前記対流強引生成装置に運転させると共に、前記光触媒ライト・チューブを点灯させ、エアが前記対流強引生成装置につれられて前記エア導入口より吸入され、光線に励起される光触媒を通過し、有毒細菌や毒ガスや臭みや有機物などの汚染物を酸化分解されてから、前記エア導出口より排気されるよう構成したことを特徴とする光触媒エアクリーナー。</claim-text>
        </claim>
        <claim num="2">
            <claim-text>前記コントロール・パネルには、電源スイッチ・キーと、風速調整キーと、時間決め設定キーと、スイッチオン／オフ状態と風速の大きさと時間きめなどを表示するための指示灯を有することを特徴とする請求項１に記載の光触媒エアクリーナー。</claim-text>
        </claim>
        <claim num="3">
            <claim-text>前記ケーシングは透明な材質からなり、ネジによって前記本体の後側に螺着されることを特徴とする請求項１に記載の光触媒エアクリーナー。</claim-text>
        </claim>
        <claim num="4">
            <claim-text>前記光触媒ライト・チューブは、長尺状のライト・チューブであり、エア導出口の下方に配置されることを特徴とする請求項１に記載の光触媒エアクリーナー。</claim-text>
        </claim>
        <claim num="5">
            <claim-text>前記対流強引生成装置は、ファンと仕切板とからなることを特徴とする請求項１に記載の光触媒エアクリーナー。</claim-text>
        </claim>
        <claim num="6">
            <claim-text>前記仕切板が渦状に形成されると共に、前記ファンの外周縁部に配置され、反時計方向に沿って、幅が拡大してゆく形状の流路を備えることを特徴とする請求項５に記載の光触媒エアクリーナー。</claim-text>
        </claim>
        <claim num="7">
            <claim-text>前記光触媒ライト・チューブは、リング状であり、前記のファンの外周縁部に配置されることを特徴とする請求項５に記載の光触媒エアクリーナー。</claim-text>
        </claim>
        <claim num="8">
            <claim-text>前記ケーシングの前記光触媒ライト・チューブに対応する位置にカバーが分割形成され、当該カバーがネジによって前記ファンに螺着されることを特徴とする請求項５に記載の光触媒エアクリーナー。</claim-text>
        </claim>
    </claims>
    <abstract>
      <p num="">【課題】対流強引生成装置によってエアを光触媒ライト・チューブに通させるように流させ、その光触媒ライト・チューブの酸化作用により滅菌や脱臭や汚染物除去などの機能を実現し、室内の空気の品質を改善する光触媒エアクリーナーを提供する。<br/>【解決手段】エア導入口を有する柵板と、コントロール・パネルを有する本体と、エア導出口を有するケーシングとを備えるマシン・ボディと、前記マシン・ボディの本体に設けられる対流強引生成装置と、前記マシン・ボディにおける本体とケーシングとの間に配置される、少なくとも一本の光触媒ライト・チューブとを含み、前記コントロール・パネルを操作することによって前記対流強引生成装置に運転させると共に、前記光触媒ライト・チューブを点灯させ、エアが前記対流強引生成装置につれられて前記エア導入口より吸入され、光線に励起される光触媒を通過し、有毒細菌や毒ガスや臭みや有機物などの汚染物を酸化分解されてから、前記エア導出口より排気されてエアクリーニングの効果を達成する。<br/>【選択図】　　　図２</p>
    </abstract>
    <drawings>
        <figure num="1">
            <img he="92" id="000003" wi="73" file="0003096803.tif" img-format="tif" img-content="drawing"/>
        </figure>
        <figure num="2">
            <img he="112" id="000004" wi="76" file="0003096803.tif" img-format="tif" img-content="drawing"/>
        </figure>
        <figure num="3">
            <img he="106" id="000005" wi="72" file="0003096803.tif" img-format="tif" img-content="drawing"/>
        </figure>
        <figure num="4">
            <img he="103" id="000006" wi="74" file="0003096803.tif" img-format="tif" img-content="drawing"/>
        </figure>
        <figure num="5">
            <img he="106" id="000007" wi="68" file="0003096803.tif" img-format="tif" img-content="drawing"/>
        </figure>
        <figure num="6">
            <img he="96" id="000008" wi="67" file="0003096803.tif" img-format="tif" img-content="drawing"/>
        </figure>
        <figure num="7">
            <img he="114" id="000009" wi="64" file="0003096803.tif" img-format="tif" img-content="drawing"/>
        </figure>
    </drawings>
</jp-official-gazette>
