
<?xml-stylesheet type="text/xsl" href="../../../../../XSL/gat-u9.xsl"?>
<!DOCTYPE jp-official-gazette PUBLIC "-//JPO//DTD REGISTERED UTILITY MODEL 1.0//EN" "../../../../../DTD/gat-u9.dtd">
<jp-official-gazette lang="ja" country="JP" xmlns:jp="http://www.jpo.go.jp" kind-of-jp="U9" dtd-version="1.0" kind-of-st16="U">
    <bibliographic-data lang="ja" country="JP">
        <publication-reference>
            <document-id>
                <country>JP</country>
                <doc-number>3096801</doc-number>
                <kind>登録実用新案公報(U)</kind>
                <date>20030716</date>
            </document-id>
        </publication-reference>
        <application-reference>
            <document-id>
                <doc-number>2003001702</doc-number>
                <date>20030331</date>
            </document-id>
        </application-reference>
        <invention-title>コンクリート構造物の継目用伸縮耐圧遮水構造</invention-title>
        <parties>
            <jp:applicants-agents-article>
                <jp:applicants-agents sequence="1">
                    <applicant sequence="1">
                        <addressbook lang="ja">
                            <name>西武ポリマ化成株式会社</name>
                            <registered-number>000196624</registered-number>
                            <address>
                                <text>東京都豊島区池袋１丁目１３番１８号</text>
                            </address>
                        </addressbook>
                    </applicant>
                    <agent jp:kind="representative" sequence="1">
                        <addressbook>
                            <name>坂本　徹</name>
                            <registered-number>100070747</registered-number>
                        </addressbook>
                        <jp:attorney/>
                    </agent>
                    <agent jp:kind="representative" sequence="2">
                        <addressbook>
                            <name>原田　卓治</name>
                            <registered-number>100104329</registered-number>
                        </addressbook>
                        <jp:attorney/>
                    </agent>
                </jp:applicants-agents>
            </jp:applicants-agents-article>
            <inventors>
                <inventor sequence="1">
                    <addressbook>
                        <name>長谷川　修</name>
                        <address>
                            <text>埼玉県蓮田市東５−８−８−４０３</text>
                        </address>
                    </addressbook>
                </inventor>
            </inventors>
        </parties>
        <dates-of-public-availability>
            <printed-with-grant>
                <document-id>
                    <date>20040108</date>
                </document-id>
            </printed-with-grant>
        </dates-of-public-availability>
        <classification-ipc>
            <edition>7</edition>
            <main-clsf>E02B3/16</main-clsf>
            <further-clsf>E03F3/04</further-clsf>
        </classification-ipc>
        <classification-national>
            <country>JP</country>
            <main-clsf>E02B3/16</main-clsf>
            <further-clsf>E03F3/04</further-clsf>
        </classification-national>
        <number-of-claims jp:adopted-law="claim">7</number-of-claims>
        <figure-to-publish>
            <fig-number>2</fig-number>
        </figure-to-publish>
        <jp:request-for-registrability-report true-or-false="false"/>
        <jp:filing-form>ＯＬ</jp:filing-form>
        <jp:total-pages>8</jp:total-pages>
    </bibliographic-data>
    <jp:image-of-bibliographic-data>
        <img he="140" id="000001" wi="160" file="0003096801.tif" img-format="tif" img-content="drawing"/>
    </jp:image-of-bibliographic-data>
    <jp:image-of-chosen-drawing>
        <img he="93" id="000002" wi="69" file="0003096801.tif" img-format="tif" img-content="drawing"/>
    </jp:image-of-chosen-drawing>
    <description>
        <p num="">【０００１】<br/>
【考案の属する技術分野】<br/>
本考案は、浄水施設の水路等の低深度に埋設されるコンクリート構造物の継目の外周を覆って土水の侵入を阻止しつつコンクリート構造物の相対変位を許容するコンクリート構造物の継目用伸縮耐圧遮水構造に関する。<br/>
【０００２】<br/>
【従来の技術】<br/>
例えば浄水施設の水路等の低深度に埋設されるコンクリート構造物の継目部位における継手構造として、図３に示すような止水板１２′によって打ち継がれているものがある。<br/>
【０００３】<br/>
ところが、このような止水板１２′による継手では、地震等によるコンクリート構造物１０Ａ′，１０Ｂ′の大きな相対変位には対応することができず、また、継目部位に外側から侵入した土石がコンクリート構造物１０Ａ′，１０Ｂ′の接近変位を阻害するという問題があり、その対応策としてこのような止水板１を備える既設のコンクリート構造物１０Ａ′，１０Ｂ′の継目部位１１′に伸縮継手を後付けで取り付けることが行われている。<br/>
【０００４】<br/>
既設のコンクリート構造物の継目部位に後付けで装着される伸縮継手としては、特許文献１及び２に開示のごときものがある。即ち、特許文献１に開示のものは、図４に斜視図を示すように管路状のコンクリート構造物１０Ａ′，１０Ｂ′の外周に配設されるものであり、コンクリート構造物１０Ａ′，１０Ｂ′の継目部位１１′の外周を覆うようにゴム等の可撓性の素材によって形成された帯状の防砂部材１３′が巻回配設されると共に、この防砂部材１３′が一方の暗渠１０Ａ′の外周に固定されて構成されるものである。また、特許文献２に開示のものは、図５に継目部位１１′の拡大断面図を示すようにコンクリート構造物１０Ａ′，１０Ｂ′の内周に配設されるものであり、一部を折り畳んだ状態のシート状の可撓止水部材１４′が継目部位１１′を跨ぐように配置されてその両端部がそれぞれコンクリート構造物１０Ａ′，１０Ｂ′に固定されると共に、その内側に高剛性の支持板１５′が設けられて構成されているものである。<br/>
【０００５】<br/>
尚、土中に埋設されるコンクリート構造物では、前述のごとく継目間に侵入した土石が相対変位を阻害する要因となると共に侵入した土砂や雨水が内側の伸縮継手を圧迫して損傷させる虞があるため、外周側の伸縮継手は必須である。<br/>
【０００６】<br/>
【特許文献１】<br/>
特開２０００−３２０７５７号公報<br/>
【特許文献２】<br/>
特開平９−１４４１４８号公報<br/>
【０００７】<br/>
【考案が解決しようとする課題】<br/>
しかしながら、上記のごとき従来構成の外周側の伸縮継手では、外部土圧に耐えた状態で地震時等における構造物間の大きな相対変位に追随するためには、高い強度が必要となるために大きく厚く重くなり、作業性が悪くコストも高くなるという問題があった。<br/>
【０００８】<br/>
尚、コンクリート構造物の外周に配設される伸縮継手としては、上記の他に図６に示すように、中央内部に硬質ゴム１６′が内挿された軟質ゴム１７′によって両縁に上方に膨出した変形部１８′を備える帯状に形成されると共に、継目部位１１′を跨いで両端でそれぞれコンクリート構造物１０Ａ′，１０Ｂ′に固定されて配設されるものもある。この構成の伸縮継手は高い土圧に対抗し得るものであるが、製作が面倒でコストが高いという問題がある。<br/>
【０００９】<br/>
本考案は、上記問題にかんがみなされたものであって、簡単且つ安価な構成で、高い土圧に対抗し得ると共に大きな相対変位を容易に許容することのできるコンクリート構造物の継目用伸縮耐圧遮水構造を提供しようとするものである。<br/>
【００１０】<br/>
【課題を解決するための手段】<br/>
上記目的を達成する本考案のコンクリート構造物の継目用伸縮耐圧遮水構造は、摩擦係数の小さい合成樹脂等によって所定厚さの剛性を有する板状に形成され隣接するコンクリート構造物の継目部位の外周に当該継目部位を跨ぐように配設された土圧支持板部材と、熱融着ゴムシート等不透水性の柔軟な薄いシート状で一部が複数回折畳まれた状態で両縁がそれぞれ前記隣接するコンクリート構造物に固定されて前記土圧支持板部材の外側を覆って配設された遮水シート部材と、ポリエステル不織布等柔軟な素材によって所定厚さに形成され前記土圧支持板部材と前記遮水シート部材の間及び前記遮水シートの折り畳み重合部の間に介装された内側保護マット部材と、ポリエステル不織布等柔軟な素材によって所定厚さに形成され前記遮水シート部材の外側に当該遮水シート部材を覆って配設された外側保護マット部材と、を備えて構成されていることを特徴とする。<br/>
【００１１】<br/>
この構成により、土圧支持板部材が土圧を支持して遮水シート部材及び土砂の継目間への侵入を阻止しつつコンクリート構造物の相対変位を許容すると共に、遮水シート部材が土水の継目間への流入を防ぐ。遮水シート部材はその折り畳み重合部が展開することでコンクリート構造物の離間変位を許容し、内側保護マット部材は外部土圧の作用に拘わらず遮水シート部材の移動空間を確保してその変位を容易とし、外側保護マット部材は遮水シート部材が土砂と直接の接触することによる破損を防ぐと共に土砂との間に遮水シート部材の移動空間を確保してその変位を容易とするように作用する。<br/>
【００１２】<br/>
また、上記遮水シート部材の上記コンクリート構造物への固定部は、前記遮水シート部材と前記コンクリート部材との間にシールテープが介装されると共に、前記遮水シート部材の上側に配設された押圧固定板が締結固定部材によって前記コンクリート構造物に締着され、更に、前記押圧固定板の外隅角部がシリコン樹脂によってシールされて構成されていることを特徴とする。<br/>
【００１３】<br/>
この構成により、遮水シート部材をその内側への浸水を阻止してコンクリート構造物に強固に装着できる。<br/>
【００１４】<br/>
また、上記外面保護マットの外縁は、上記遮水シート部材の固定部を覆う位置まで延設されていることを特徴とする。<br/>
【００１５】<br/>
これにより外面保護マットが固定部を保護する。<br/>
【００１６】<br/>
【考案の実施の形態】<br/>
以下添付図面を参照して本考案の構成例について説明する。図１は本考案にかかるコンクリート構造物の継目用伸縮耐圧遮水構造の一構成例を適用したコンクリート構造物としてのボックスカルバートの横断面図であり、図２はその継目部位を縦に分割した拡大断面図である。<br/>
【００１７】<br/>
本考案にかかるコンクリート構造物の継目用伸縮耐圧遮水構造は既設及び新設の構造物のいずれにも適用することが可能であるが、図は既設の構造物に適用した例である。図示コンクリート構造物１０（１０Ａ，１０Ｂ）の継目部位１１は、当該コンクリート構造物１０に打設された既存の止水板１２によって結合されている。このようなコンクリート構造物１０の継目部位１１に対し、その内周面に後付け式可撓継手２０が装着されると共に外周面に継目用伸縮耐圧遮水構造３０が適用され、地震等によっても浸水や漏水を防いでコンクリート構造物１０の大きな相対変位を許容すべく対策を施したものである。<br/>
【００１８】<br/>
内周面の後付け式可撓継手２０は、継目部位１１の内面全周を巡って設けられて水密性を確保している。一方、外周面の継目用伸縮耐圧遮水構造３０は、コンクリート構造物１０の上部全域及び側部の少なくとも内部水位より下側までを覆うように配設されている。つまり、少なくとも内圧の作用しない部位を覆って配設されるものである。尚、勿論継目用伸縮耐圧遮水構造３０を全周に適用しても良いものである。その設置作業は、コンクリート構造物１０の上部を覆う覆土１を掘り起こして行われ、設置後は従前通りに埋め戻される。<br/>
【００１９】<br/>
後付け式可撓継手２０は、一部を折り畳んだ状態のシート状の可撓止水部材２１が継目部位１１を跨ぐように配置されてその両端部がそれぞれコンクリート構造物１０Ａ，１０Ｂに固定されると共に、その内側に高剛性の支持板２２が設けられて構成されているものである。<br/>
【００２０】<br/>
継目用伸縮耐圧遮水構造３０は、継目部位１１の外周に土圧支持板部材としての土圧支持板３１が継目部位１１を跨ぐように配設されると共に、その外側を遮水シート部材としての遮水シート３２が覆って両縁の固定部４０でそれぞれコンクリート構造物１０Ａ，１０Ｂに固定され、更に、その外側に外側保護マット部材として外側保護マット３３が設けられて構成されている。また、土圧支持板３１と遮水シート３２の間には内側保護マット部材としての内側保護マット３４が介装され、遮水シート３２の後述する重合部３２Ａの間にも内側保護マット部材としての内挿保護マット３５が介装されている。<br/>
【００２１】<br/>
土圧支持板３１は、摩擦係数が小さい素材で所定の剛性を有する所定厚さの板状に形成され、コンクリート構造物１０Ａ，１０Ｂの継目部位１１の外周に当該継目部位１１を跨いで配設されている。その素材としては、例えば、ポリエチレン，硬質塩化ビニール樹脂又はアクリル樹脂等の合成樹脂が適し、厚さは３ｍｍ程度が好ましい。尚、その全体幅は、想定されるコンクリート構造物１０Ａ，１０Ｂの変位量より大きくコンクリート構造物１０Ａ，１０Ｂと重合するように設定される。<br/>
【００２２】<br/>
遮水シート３２は、不透水性の柔軟な薄いシート状で、その幅方向中央に複数回折畳まれた折り畳み重合部３２Ａが形成され、両縁がそれぞれ固定部４０によってコンクリート構造物１０Ａ，１０Ｂに固定されている。このような遮水シート３２としては、例えば、厚さ１．５ｍｍの熱融着ゴムシートが適する。<br/>
【００２３】<br/>
ここで、熱融着ゴムシートとは、ポリオレフィン系エラストマー（ＴＰＯ）単独又はポリオレフィン系エラストマーにエチレン・プロピレン・ジエンモノマー（ＥＰＤＭ）がブレンドされた素材によってシート状に形成されたものであり、耐候性，耐熱性，耐寒性及び電気絶縁性に優れると共に、熱融着接合が可能であって現場においても切り張りができるために作業性が格段に優れるものである。<br/>
【００２４】<br/>
遮水シート３２の折り畳み重合部３２Ａは、図示構成例ではＳ字状を呈するように二回折り畳まれて三重となっており、各層の間にそれぞれ内挿保護マット３５が介装されている。<br/>
【００２５】<br/>
固定部４０は、コンクリート構造物１０（１０Ａ，１０Ｂ）に打ち込まれた金属拡張アンカーボルト４１に、遮水シート３２と所定幅且つ所定厚さの金属製の押圧固定板４２が嵌め込まれ、これらが金属拡張アンカーボルト４１に螺合した締結固定部材としてのナット４３で締着されている。遮水シート３２と当接するコンクリート構造物１０の外面部位にはブチルゴムのシールテープ４４が介装され、また、押圧固定板４２の外隅部にはシリコン樹脂によるシールコーキング４５が施され、当該固定部４０を介した遮水シート３２の内側への浸水を防ぐようになっている。<br/>
【００２６】<br/>
外側保護マット３３，内側保護マット３４及び内挿保護マット３５は、柔軟な素材によって圧縮変形可能な所定厚さに形成されている。例えば、厚さ１０〜２０ｍｍ程度のポリエステル不織布が適する。外側保護マット３３は固定部４０を完全に覆う幅に設定されており、内側保護マット３４は土圧支持板３１を余裕を持って覆い側縁が固定部４０の近傍に達する幅となっている。また、内挿保護マット３５は遮水シート３２の重合部３２Ａと対応する幅に形成されている。<br/>
【００２７】<br/>
上記のごとく構成された継目用伸縮耐圧遮水構造は、土圧支持板３１が外部土圧を支持して遮水シート３２を巻き込んでの土砂の継目部位１１の間への侵入を阻止すると共に、遮水シート３２が土水の継目部位１１への流入を防ぐ。また、地震等によるコンクリート構造物１０Ａ，１０Ｂの相対変位の際は、遮水シート３２がその低摩擦係数で容易に摺動して、コンクリート構造物１０Ａ，１０Ｂの相対変位を許容し、遮水シート３２はその重合部３２Ａが展開することで破損することなくコンクリート構造物１０Ａ，１０Ｂの大きな離間変位を許容する。内側保護マット３４は外部土圧の作用に拘わらず遮水シート３２の移動空間を確保してその変位を容易とし、外側保護マット３３は遮水シート３２や固定部４０が土砂と直接接触することによる破損を防ぐと共に遮水シート３２と土砂との間に移動空間を確保してその変位を容易とする。<br/>
【００２８】<br/>
これにより、土砂や水の継目部１１への侵入を防ぐことができるため、継目部１１内に侵入した土石がコンクリート構造物１０Ａ，１０Ｂの相対変位を阻害して破損を招来することもなくコンクリート構造物１０Ａ，１０Ｂの大きな相対変位を可能とすると共に汚水の侵入を防ぐことができる。<br/>
【００２９】<br/>
即ち、簡単且つ安価な構成で、高い土圧に対抗し得ると共に大きな相対変位を容易に許容することができるものである。<br/>
【００３０】<br/>
【考案の効果】<br/>
以上述べたように、本考案に係るコンクリート構造物の継目用伸縮耐圧遮水構造によれば、摩擦係数の小さい合成樹脂等によって所定厚さの剛性を有する板状に形成され隣接するコンクリート構造物の継目部位の外周に当該継目部位を跨ぐように配設された土圧支持板部材と、熱融着ゴムシート等不透水性の柔軟な薄いシート状で一部が複数回折畳まれた状態で両縁がそれぞれ前記隣接するコンクリート構造物に固定されて前記土圧支持板部材の外側を覆って配設された遮水シート部材と、ポリエステル不織布等柔軟な素材によって所定厚さに形成され土圧支持板部材と遮水シート部材の間及び遮水シートの折り畳み重合部の間に介装された内側保護マット部材と、ポリエステル不織布等柔軟な素材によって所定厚さに形成され遮水シート部材の外側に当該遮水シート部材を覆って配設された外側保護マット部材と、を備えて構成されていることにより、土圧支持板部材が土圧を支持すると共に遮水シート部材が継目間へび土石の侵入や土水の流入を防ぎつつ遮水シート部材の展開によってコンクリート構造物の大きな相対変位を許容し、内側保護マット部材と外側保護マット部材が遮水シート部材の移動空間を確保してその円滑な移動を可能とする。つまり、簡単且つ安価な構成で、土水の侵入を防ぎつつコンクリート構造物の大きな相対変位を許容することができるものであり、既存のコンクリート構造物に容易に適用できるものである。<br/>
【００３１】<br/>
また、上記遮水シート部材の上記コンクリート構造物への固定部は、遮水シート部材とコンクリート部材との間にシールテープが介装されると共に、遮水シート部材の上側に配設された押圧固定板が締結固定部材によってコンクリート構造物に締着され、更に、押圧固定板の外隅角部がシリコン樹脂によってシールされて構成されていることにより、遮水シート部材をコンクリート構造物に浸水を防いで強固に装着できるものである。<br/>
【００３２】<br/>
また、上記外面保護マットの外縁は、上記遮水シート部材の固定部を覆う位置まで延設されていることにより、外面保護マットが固定部を保護し、土石による破損を防ぐことができる。<br/>
【図面の簡単な説明】<br/>
【図１】本考案にかかるコンクリート構造物の継目用伸縮耐圧遮水構造の一構成例を適用したコンクリート構造物の横断面図である。<br/>
【図２】継目部位を縦に分割した拡大断面図である。<br/>
【図３】従来例の止水板を示すコンクリート構造物の継目部位の部分断面図である。<br/>
【図４】従来例としての外周側の伸縮継手を設けたコンクリート構造物の外観斜視図である。<br/>
【図５】従来例としての内周側の伸縮継手を設けたコンクリート構造物の継目部位の断面図である。<br/>
【図６】従来例としての外周側の伸縮継手を設けたコンクリート構造物の継目部位の断面図である。<br/>
【符号の説明】<br/>
１０（１０Ａ，１０Ｂ）　コンクリート構造物<br/>
１１　継目部位<br/>
３０　継目用伸縮耐圧遮水構造<br/>
３１　土圧支持板（土圧支持板部材）<br/>
３２　遮水シート（遮水シート部材）<br/>
３３　外側保護マット（外側保護マット部材）<br/>
３４　内側保護マット（内側保護マット部材）<br/>
３５　内挿保護マット（内側保護マット部材）<br/>
４０　固定部<br/>
４２　押圧固定板<br/>
４３　ナット（締結固定部材）<br/>
４４　シールテープ</p>
    </description>
    <claims>
        <claim num="1">
            <claim-text>摩擦係数の小さい素材によって所定厚さの剛性を有する板状に形成され隣接するコンクリート構造物の継目部位の外周に当該継目部位を跨ぐように配設された土圧支持板部材と、<br/>
不透水性の柔軟な薄いシート状で一部が複数回折畳まれた状態で両縁がそれぞれ前記隣接するコンクリート構造物に固定されて前記土圧支持板部材の外側を覆って配設された遮水シート部材と、<br/>
柔軟な素材によって所定厚さに形成され前記土圧支持板部材と前記遮水シート部材の間及び前記遮水シートの折り畳み重合部の間に介装された内側保護マット部材と、<br/>
柔軟な素材によって所定厚さに形成され前記遮水シート部材の外側に当該遮水シート部材を覆って配設された外側保護マット部材と、を備えて構成されていることを特徴とするコンクリート構造物の継目用伸縮耐圧遮水構造。</claim-text>
        </claim>
        <claim num="2">
            <claim-text>上記遮水シート部材の上記コンクリート構造物への固定部は、前記遮水シート部材と前記コンクリート部材との間にシールテープが介装されると共に、前記遮水シート部材の上側に配設された押圧固定板が締結固定部材によって前記コンクリート構造物に締着され、更に、前記押圧固定板の外隅角部がシリコン樹脂によってシールされて構成されていることを特徴とする請求項１に記載のコンクリート構造物の継目用伸縮耐圧遮水構造。</claim-text>
        </claim>
        <claim num="3">
            <claim-text>上記外面保護マット部材の外縁は、上記遮水シート部材の固定部を覆う位置まで延設されていることを特徴とする請求項１又は２に記載のコンクリート構造物の継目用伸縮耐圧遮水構造。</claim-text>
        </claim>
        <claim num="4">
            <claim-text>上記土圧支持板部材は、合成樹脂板によって形成されていることを特徴とする請求項１，２又は３に記載のコンクリート構造物の継目用伸縮耐圧遮水構造。</claim-text>
        </claim>
        <claim num="5">
            <claim-text>上記遮水シート部材は、熱融着ゴムシートであることを特徴とする請求項１，２，３又は４に記載のコンクリート構造物の継目用伸縮耐圧遮水構造。</claim-text>
        </claim>
        <claim num="6">
            <claim-text>上記内側保護マット部材は、ポリエステル不織布によって形成されていることを特徴とする請求項１，２，３，４又は５に記載のコンクリート構造物の継目用伸縮耐圧遮水構造。</claim-text>
        </claim>
        <claim num="7">
            <claim-text>上記外側保護マット部材は、ポリエステル不織布によって形成されていることを特徴とする請求項１，２，３，４，５又は６に記載のコンクリート構造物の継目用伸縮耐圧遮水構造。</claim-text>
        </claim>
    </claims>
    <abstract>
      <p num="">【課題】簡単且つ安価な構成で、高い土圧に対抗し得ると共に大きな相対変位を容易に許容することのできるコンクリート構造物の継目用伸縮耐圧遮水構造を提供する。<br/>【解決手段】継目用伸縮耐圧遮水構造３０は、コンクリート構造物１０Ａ，１０Ｂの継目部位１１の外周に土圧支持板３１が継目部位１１を跨ぐように配設されると共に、その外側を幅方向中央に複数回折畳まれた折り畳み重合部３２Ａが形成された遮水シート３２が覆って両縁の固定部４０でそれぞれコンクリート構造物１０Ａ，１０Ｂに固定され、その外側に外側保護マット３３が設けられ、土圧支持板３１と遮水シート３２の間には内側保護マット３４が介装され、遮水シート３２の重合部３２Ａの間にも内挿保護マット３５が介装されて構成されている。<br/>【選択図】　　　　　図２</p>
    </abstract>
    <drawings>
        <figure num="1">
            <img he="83" id="000003" wi="67" file="0003096801.tif" img-format="tif" img-content="drawing"/>
        </figure>
        <figure num="2">
            <img he="102" id="000004" wi="76" file="0003096801.tif" img-format="tif" img-content="drawing"/>
        </figure>
        <figure num="3">
            <img he="45" id="000005" wi="69" file="0003096801.tif" img-format="tif" img-content="drawing"/>
        </figure>
        <figure num="4">
            <img he="49" id="000006" wi="63" file="0003096801.tif" img-format="tif" img-content="drawing"/>
        </figure>
        <figure num="5">
            <img he="56" id="000007" wi="72" file="0003096801.tif" img-format="tif" img-content="drawing"/>
        </figure>
        <figure num="6">
            <img he="36" id="000008" wi="74" file="0003096801.tif" img-format="tif" img-content="drawing"/>
        </figure>
    </drawings>
</jp-official-gazette>
