
<?xml-stylesheet type="text/xsl" href="../../../../../XSL/gat-u9.xsl"?>
<!DOCTYPE jp-official-gazette PUBLIC "-//JPO//DTD REGISTERED UTILITY MODEL 1.0//EN" "../../../../../DTD/gat-u9.dtd">
<jp-official-gazette lang="ja" country="JP" xmlns:jp="http://www.jpo.go.jp" kind-of-jp="U9" dtd-version="1.0" kind-of-st16="U">
    <bibliographic-data lang="ja" country="JP">
        <publication-reference>
            <document-id>
                <country>JP</country>
                <doc-number>3096804</doc-number>
                <kind>登録実用新案公報(U)</kind>
                <date>20030716</date>
            </document-id>
        </publication-reference>
        <application-reference>
            <document-id>
                <doc-number>2003001705</doc-number>
                <date>20030331</date>
            </document-id>
        </application-reference>
        <invention-title>米飯用プラスチック製容器</invention-title>
        <parties>
            <jp:applicants-agents-article>
                <jp:applicants-agents sequence="1">
                    <applicant sequence="1">
                        <addressbook lang="ja">
                            <name>カゴメ株式会社</name>
                            <registered-number>000104113</registered-number>
                            <address>
                                <text>愛知県名古屋市中区錦３丁目１４番１５号</text>
                            </address>
                        </addressbook>
                    </applicant>
                    <applicant sequence="2">
                        <addressbook lang="ja">
                            <name>藤森工業株式会社</name>
                            <registered-number>000224101</registered-number>
                            <address>
                                <text>東京都中央区日本橋馬喰町１丁目４番１６号</text>
                            </address>
                        </addressbook>
                    </applicant>
                    <applicant sequence="3">
                        <addressbook lang="ja">
                            <name>日東アリマン株式会社</name>
                            <registered-number>598000231</registered-number>
                            <address>
                                <text>新潟県新発田市大字岡田１５７８番地４</text>
                            </address>
                        </addressbook>
                    </applicant>
                    <agent jp:kind="representative" sequence="1">
                        <addressbook>
                            <name>入山　宏正</name>
                            <registered-number>100081798</registered-number>
                        </addressbook>
                        <jp:attorney/>
                    </agent>
                </jp:applicants-agents>
            </jp:applicants-agents-article>
            <inventors>
                <inventor sequence="1">
                    <addressbook>
                        <name>深谷　哲也</name>
                        <address>
                            <text>栃木県那須郡西那須野町大字西富山１７番地　カゴメ株式会社総合研究所内</text>
                        </address>
                    </addressbook>
                </inventor>
                <inventor sequence="2">
                    <addressbook>
                        <name>前澤　　勉</name>
                        <address>
                            <text>栃木県那須郡西那須野町大字西富山１７番地　カゴメ株式会社総合研究所内</text>
                        </address>
                    </addressbook>
                </inventor>
                <inventor sequence="3">
                    <addressbook>
                        <name>小国　盛稔</name>
                        <address>
                            <text>東京都中央区日本橋馬喰町１丁目４番１６号　藤森工業株式会社内</text>
                        </address>
                    </addressbook>
                </inventor>
                <inventor sequence="4">
                    <addressbook>
                        <name>吉原　堅道</name>
                        <address>
                            <text>新潟県新発田市大字岡田１５７８番地４　日東アリマン株式会社内</text>
                        </address>
                    </addressbook>
                </inventor>
            </inventors>
        </parties>
        <dates-of-public-availability>
            <printed-with-grant>
                <document-id>
                    <date>20040108</date>
                </document-id>
            </printed-with-grant>
        </dates-of-public-availability>
        <classification-ipc>
            <edition>7</edition>
            <main-clsf>B65D77/30</main-clsf>
            <further-clsf>A23L3/00</further-clsf>
            <additional-info>A23L1/10</additional-info>
        </classification-ipc>
        <classification-national>
            <country>JP</country>
            <main-clsf>B65D77/30 A</main-clsf>
            <further-clsf>A23L3/00 101A</further-clsf>
            <additional-info>A23L1/10 B</additional-info>
        </classification-national>
        <number-of-claims jp:adopted-law="claim">2</number-of-claims>
        <figure-to-publish>
            <fig-number>1</fig-number>
        </figure-to-publish>
        <related-documents>
            <jp:change-of-application kind="patent">
                <relation>
                    <parent-doc>
                        <document-id>
                            <doc-number>1999076033</doc-number>
                            <date>19990319</date>
                        </document-id>
                    </parent-doc>
                </relation>
            </jp:change-of-application>
        </related-documents>
        <jp:request-for-registrability-report true-or-false="false"/>
        <jp:filing-form>ＯＬ</jp:filing-form>
        <jp:total-pages>7</jp:total-pages>
    </bibliographic-data>
    <jp:image-of-bibliographic-data>
        <img he="140" id="000001" wi="160" file="0003096804.tif" img-format="tif" img-content="drawing"/>
    </jp:image-of-bibliographic-data>
    <jp:image-of-chosen-drawing>
        <img he="48" id="000002" wi="69" file="0003096804.tif" img-format="tif" img-content="drawing"/>
    </jp:image-of-chosen-drawing>
    <description>
        <p num="">【０００１】<br/>
【考案の属する技術分野】<br/>
本考案は米飯用プラスチック製容器に関する。プラスチック製容器に入れた米を炊飯し、炊飯の前又は後で該プラスチック製容器に蓋材をヒートシールして、米飯を無菌的に保存したものが市場に流通している。かかるプラスチック製容器入り米飯は通常、蓋材の一部又は全部を開いた状態で電子レンジにより加熱し、食用に供されている。本考案は上記のような特に米飯用のプラスチック製容器に関する。<br/>
【０００２】<br/>
【従来の技術】<br/>
従来、食品を無菌的に保存できるプラスチック製容器として、耐熱性のプラスチックで一体成形された各種が提案されている（特開平６−８９７５、特開平７−８９５４４）。これらの容器はプラスチック層の単層体又はガスバリヤー性を有するプラスチック層を少なくとも１層有するプラスチック層の積層体から一体成形されたもので（特開平７−３９３２９、特開平１０−２５７８６２）、その形状には平面で見て方形のものや円形のもの等、各種が提案されている。<br/>
【０００３】<br/>
ところが、従来提案されている平面で見て方形の容器は、これを米飯に用いると、炊飯時においては米や炊水の対流が悪いため炊飯斑が発生し易く、また電子レンジによる加熱時においては熱の対流が悪いため加熱斑が発生し易いという問題がある。平面で見て方形の容器は角部が多く、かかる角部において、炊飯時には米や炊水が滞り、また電子レンジによる加熱時には米飯が集中的に過熱されるため、炊飯斑や加熱斑が発生するのである。一方、従来提案されている平面で見て円形の容器は、平面で見て方形の容器に比べ角部が少ないため、上記のような炊飯斑や加熱斑の発生は低減されるが、容器側面の形や容器の高さに対する直径の比等、形状特性が不具合であるため、炊飯時及び加熱時における上記のような対流を促すことができず、炊飯斑や加熱斑の発生を抑える上でなお不充分という問題がある。<br/>
【０００４】<br/>
【考案が解決しようとする課題】<br/>
本考案が解決しようとする課題は、従来のプラスチック製容器では、これを米飯に用いると、炊飯斑や加熱斑が発生する点である。<br/>
【０００５】<br/>
【課題を解決するための手段】<br/>
上記の課題を解決する本考案は、平面で見て円形の底面、該底面から末広がりに立設された略ラッパ状の側面及び該側面の上端部外周に突設された環状のフランジを備えており、これらは耐熱性のプラスチックで一体成形されていて、該フランジに蓋材をヒートシールした状態にてこれらで囲まれる内部空間に米飯を無菌的に保存するようにした容器であって、少なくとも底面に亘る側面部の内側が縦断面で見て半径１８〜３２ｍｍの円弧状に形成されており、底面の内側最下部から側面の上端部に至る高さ（ｈ）が４０〜７０ｍｍであって、高さ（ｈ）と側面の内側上端部における直径（ｄ）との比（ｈ／ｄ）が０．３０〜０．５０であることを特徴とする米飯用プラスチック製容器に係る。<br/>
【０００６】<br/>
本考案に係る米飯用プラスチック製容器でも、平面で見て円形の底面、該底面から末広がりに立設された略ラッパ状の側面及び該側面の上端部外周に突設された環状のフランジを備えており、これらは耐熱性のプラスチックで一体成形されていて、該フランジに蓋材をヒートシールした状態にてこれらで囲まれる内部空間に米飯を無菌的に保存するようになっている。容器を形成するプラスチックとしては、プラスチック層の単層体、ガスバリヤー性を有するプラスチック層を少なくとも１層有するプラスチック層の積層体を使用できる。具体的には、ポリプロピレンの単層体、ナイロン／ポリプロピレンの２層体、ポリプロピレン／エバール／ポリプロピレンやポリプロピレン／ポリ塩化ビニリデン／ポリプロピレンの３層体が挙げられる。<br/>
【０００７】<br/>
本考案に係る米飯用プラスチック製容器では、少なくとも底面に亘る側面部の内側が縦断面で見て半径１８〜３２ｍｍの円弧状に形成されており、底面の内側最下部から側面の上端部に至る高さ（ｈ）が４０〜７０ｍｍであって、高さ（ｈ）と側面の内側上端部における直径（ｄ）との比（ｈ／ｄ）が０．３０〜０．５０になっている。全体としても平面で見て円形を呈する容器において、底面に亘る側面部の内側形状、底面の内側最下部から側面の上端部に至る高さ（ｈ）及び高さ（ｈ）と側面の内側上端部における直径（ｄ）との比（ｈ／ｄ）を上記のように規制することにより、炊飯時においては米や炊水の対流を促し、また電子レンジによる加熱時においては局部的な過熱を防止して、炊飯斑や加熱斑の発生を充分に抑えることができる。<br/>
【０００８】<br/>
本考案において、炊飯斑や加熱斑の発生をより充分に抑えるためには、底面を内側へ突出した湾曲面とするのが好ましく、この場合には少なくとも底面の内側中心部を縦断面で見て半径１００〜２００ｍｍの円弧状に内側へ突出形成するのが好ましい。また容器を補強する意味で、側面には、底面から側面上端部へ向かい放射状に、複数のリブを形成するのが好ましい。<br/>
【０００９】<br/>
【考案の実施の形態】<br/>
図１は本考案に係る米飯用プラスチック製容器を例示する縦断面図である。容器１１は、平面で見て円形の底面２１、底面２１から末広がりに立設された略ラッパ状の側面３１及び側面３１の上端部外周に突設された環状のフランジ４１を備えており、これらは耐熱性のプラスチックで一体成形されている。容器１１は全体としても平面で見て円形を呈するお椀形の自立性容器であって、フランジ４１に蓋材５１をヒートシールした状態にて容器１１内に米飯Ａを無菌的に保存するようになっている。<br/>
【００１０】<br/>
容器１１の底面２１は平板状になっており、底面２１に亘る側面部３１ａの内側は縦断面で見て半径ｒ<sub>１</sub>が２８ｍｍの円弧状に形成されている。また底面２１の内側から側面３１の上端部に至る高さｈ<sub>１</sub>が４１ｍｍになっており、側面３１の内側上端部における直径ｄ<sub>１</sub>が１１０ｍｍになっていて、したがって双方の比ｈ<sub>１</sub>／ｄ<sub>１</sub>が０．３７になっている。<br/>
【００１１】<br/>
図２は本考案に係る他の米飯用プラスチック製容器を例示する縦断面図である。容器１２は、平面で見て円形の底面２２、底面２２から末広がりに立設された略ラッパ状の側面３２及び側面３２の上端部外周に突設された環状のフランジ４２を備えており、これらは耐熱性のプラスチックで一体成形されている。容器１２は全体としても平面で見て円形を呈するお椀形の自立性容器であって、フランジ４２に蓋材５２をヒートシールした状態にて容器１２内に米飯Ｂを無菌的に保存するようになっている。<br/>
【００１２】<br/>
容器１２の底面２２は内側へ湾曲しており、底面２２に亘る側面部３２ａの内側は縦断面で見て半径ｒ<sub>２</sub>が２１ｍｍの円弧状に形成されている。また底面２２の内側最下部から側面３２の上端部に至る高さｈ<sub>２</sub>が４２ｍｍになっており、側面３２の内側上端部における直径ｄ<sub>２</sub>が１１６ｍｍになっていて、したがって双方の比ｈ<sub>２</sub>／ｄ<sub>２</sub>が０．３６になっている。そして底面２２の内側は縦断面で見て半径Ｒ<sub>２</sub>が１３５ｍｍの円弧状に内側へ突出している。<br/>
【００１３】<br/>
【実施例】<br/>
図１又は図２について前述したような平面で見て円形の容器であって、表１又は表２に記載した形状特性を有する円形容器（但し、比較例５は平面で見て方形の容器）を用い、下記のように炊飯し、炊飯斑を評価した。また炊飯した米飯を室温まで冷やした後、下記のように加熱し、加熱斑を評価した。尚、各例いずれも、用いた容器は、ポリプロピレン／エバール／ポリプロピレンの３層体から一体成形したものである。<br/>
【００１４】<br/>
炊飯：容器に、洗米し、水中に３０分間浸漬した米１２０ｇと炊水１００ｇとを入れ、１００℃の密閉雰囲気下に２０分間保持した。<br/>
炊飯斑の評価：炊飯した米飯を室温まで冷やした後、容器側面に位置する最上部の米飯３ｇと容器側面に位置する最下部の米飯３ｇとを採り、それぞれの水分を測定し、最上部の米飯の水分Ｗ<sub>１</sub>と最下部の米飯の水分Ｗ<sub>２</sub>との比Ｗ<sub>１</sub>／Ｗ<sub>２</sub>を求め、これを炊飯斑の指標とした。Ｗ<sub>１</sub>／Ｗ<sub>２</sub>が１の場合、炊飯斑が全くないことを意味する。尚、米飯の水分は、米飯を９０℃で６０分間乾燥したときの減重量とした。<br/>
【００１５】<br/>
加熱：炊飯した米飯を室温まで冷やした後、電子レンジを用い、５００Ｗで２分間加熱した。<br/>
加熱斑の評価：加熱後の米飯について、男性１５名及び女性１５名（合計３０名）の官能評価員により、実施例２と他の各例とを２点比較し、どちらが好ましいかを選択させ、好ましいとした人数を加熱斑の少なさの指標とした。<br/>
【００１６】<br/>
【表１】<br/>
<img he="83" id="000003" wi="154" file="0003096804.tif" img-format="tif" img-content="drawing"/>
【００１７】<br/>
【表２】<br/>
<img he="83" id="000004" wi="154" file="0003096804.tif" img-format="tif" img-content="drawing"/>
【００１８】<br/>
表１及び表２において、<br/>
ｒ：容器底面に亘る側面部内側に形成された縦断面で見て円弧状の半径（ｍｍ）。<br/>
ｈ：容器底面の内側最下部から側面の上端部に至る高さ（ｍｍ）。<br/>
ｄ：容器側面の内側上端部における直径（ｍｍ）。<br/>
Ｒ：容器底面に内側へ突出形成された縦断面で見て円弧状の半径（ｍｍ）。−印は容器底面が平板状であることを意味する。<br/>
比較例５：底面が平板状に形成された縦１００ｍｍ×横１５０ｍｍ×高さ４０ｍｍの平面で見て長方形の容器。<br/>
加熱斑：表中の数値は実施例２の米飯よりも各例の米飯を好ましいとした人数。＊印は危険率５％で有意差があることを意味する。<br/>
【００１９】<br/>
【考案の効果】<br/>
既に明らかなように、以上説明した本考案には、炊飯斑及び加熱斑の発生を充分に抑えることができるという効果がある。<br/>
【図面の簡単な説明】<br/>
【図１】本考案に係る米飯用プラスチック製容器を例示する縦断面図。<br/>
【図２】本考案に係る他の米飯用プラスチック製容器を例示する縦断面図。<br/>
【符号の説明】<br/>
１１，１２・・容器、２１，２２・・底面、３１，３２・・側面、３１ａ，３２ａ・・底面に亘る側面部、５１，５２・・蓋材、Ａ，Ｂ・・米飯</p>
    </description>
    <claims>
        <claim num="1">
            <claim-text>平面で見て円形の底面、該底面から末広がりに立設された略ラッパ状の側面及び該側面の上端部外周に突設された環状のフランジを備えており、これらは耐熱性のプラスチックで一体成形されていて、該フランジに蓋材をヒートシールした状態にてこれらで囲まれる内部空間に米飯を無菌的に保存するようにした容器であって、少なくとも底面に亘る側面部の内側が縦断面で見て半径１８〜３２ｍｍの円弧状に形成されており、底面の内側最下部から側面の上端部に至る高さ（ｈ）が４０〜７０ｍｍであって、高さ（ｈ）と側面の内側上端部における直径（ｄ）との比（ｈ／ｄ）が０．３０〜０．５０であることを特徴とする米飯用プラスチック製容器。</claim-text>
        </claim>
        <claim num="2">
            <claim-text>少なくとも底面の内側中心部が縦断面で見て半径１００〜２００ｍｍの円弧状に内側へ突出形成された請求項１記載の米飯用プラスチック製容器。</claim-text>
        </claim>
    </claims>
    <abstract>
      <p num="">【課題】炊飯斑及び加熱斑の発生を充分に抑えることができる米飯用プラスチック製容器を提出する。<br/>【解決手段】全体を平面で見て円形に形成すると共に、底面に亘る側面部の形状、内高及び内高と上部直径との比を所定範囲に規制した。<br/>【選択図】　　　　　図１</p>
    </abstract>
    <drawings>
        <figure num="1">
            <img he="48" id="000005" wi="69" file="0003096804.tif" img-format="tif" img-content="drawing"/>
        </figure>
        <figure num="2">
            <img he="95" id="000006" wi="71" file="0003096804.tif" img-format="tif" img-content="drawing"/>
        </figure>
    </drawings>
<jp:overflow><p num=""><br/>(72)考案者  前澤　　勉<br/>            栃木県那須郡西那須野町大字西富山１７番地　カゴメ株式会社総合研究所内<br/>(72)考案者  小国　盛稔<br/>            東京都中央区日本橋馬喰町１丁目４番１６号　藤森工業株式会社内<br/>(72)考案者  吉原　堅道<br/>            新潟県新発田市大字岡田１５７８番地４　日東アリマン株式会社内<br/></p></jp:overflow></jp-official-gazette>
