
<?xml-stylesheet type="text/xsl" href="../../../../../XSL/gat-u9.xsl"?>
<!DOCTYPE jp-official-gazette PUBLIC "-//JPO//DTD REGISTERED UTILITY MODEL 1.0//EN" "../../../../../DTD/gat-u9.dtd">
<jp-official-gazette lang="ja" country="JP" xmlns:jp="http://www.jpo.go.jp" kind-of-jp="U9" dtd-version="1.0" kind-of-st16="U">
    <bibliographic-data lang="ja" country="JP">
        <publication-reference>
            <document-id>
                <country>JP</country>
                <doc-number>3096809</doc-number>
                <kind>登録実用新案公報(U)</kind>
                <date>20030716</date>
            </document-id>
        </publication-reference>
        <application-reference>
            <document-id>
                <doc-number>2003001715</doc-number>
                <date>20030331</date>
            </document-id>
        </application-reference>
        <invention-title>爪切り</invention-title>
        <parties>
            <jp:applicants-agents-article>
                <jp:applicants-agents sequence="1">
                    <applicant sequence="1">
                        <addressbook lang="ja">
                            <name>廣田　一男</name>
                            <registered-number>503119166</registered-number>
                            <address>
                                <text>大阪府東大阪市南四条町１４−１３</text>
                            </address>
                        </addressbook>
                    </applicant>
                    <agent jp:kind="representative" sequence="1">
                        <addressbook>
                            <name>溝上　哲也</name>
                            <registered-number>100089462</registered-number>
                        </addressbook>
                        <jp:attorney/>
                    </agent>
                    <agent jp:kind="representative" sequence="2">
                        <addressbook>
                            <name>溝上　満好</name>
                            <registered-number>100060829</registered-number>
                        </addressbook>
                        <jp:attorney/>
                    </agent>
                    <agent jp:kind="representative" sequence="3">
                        <addressbook>
                            <name>岩原　義則</name>
                            <registered-number>100116344</registered-number>
                        </addressbook>
                        <jp:attorney/>
                    </agent>
                </jp:applicants-agents>
            </jp:applicants-agents-article>
            <inventors>
                <inventor sequence="1">
                    <addressbook>
                        <name>廣田　一男</name>
                        <address>
                            <text>大阪府東大阪市南四条町１４−１３</text>
                        </address>
                    </addressbook>
                </inventor>
            </inventors>
        </parties>
        <dates-of-public-availability>
            <printed-with-grant>
                <document-id>
                    <date>20040108</date>
                </document-id>
            </printed-with-grant>
        </dates-of-public-availability>
        <classification-ipc>
            <edition>7</edition>
            <main-clsf>A45D29/02</main-clsf>
        </classification-ipc>
        <classification-national>
            <country>JP</country>
            <main-clsf>A45D29/02 Z</main-clsf>
        </classification-national>
        <number-of-claims jp:adopted-law="claim">1</number-of-claims>
        <figure-to-publish>
            <fig-number>2</fig-number>
        </figure-to-publish>
        <jp:request-for-registrability-report true-or-false="false"/>
        <jp:filing-form>ＯＬ</jp:filing-form>
        <jp:total-pages>10</jp:total-pages>
    </bibliographic-data>
    <jp:image-of-bibliographic-data>
        <img he="140" id="000001" wi="160" file="0003096809.tif" img-format="tif" img-content="drawing"/>
    </jp:image-of-bibliographic-data>
    <jp:image-of-chosen-drawing>
        <img he="99" id="000002" wi="68" file="0003096809.tif" img-format="tif" img-content="drawing"/>
    </jp:image-of-chosen-drawing>
    <description>
        <p num="">【０００１】<br/>
【考案の属する技術分野】<br/>
本考案は、使用時に指を挟む危険性がなく、また、下刃の上刃に対する密着度を調整することができると共に、下刃がぶれることなく安定的に前後移動させることができ、さらに上刃と下刃を容易に交換することが可能な爪切りに関するものである。<br/>
【０００２】<br/>
【従来の技術】<br/>
従来、例えば図４及び図５に示す動物用の爪切り５０（以下、爪切り５０という）が販売されている。図４及び図５に示す爪切り５０は、上刃５１に対して下刃５２を摺動させるものであり、以下のように構成されている。<br/>
【０００３】<br/>
上刃５１は、その先端部が凸状の円弧状とされ、この先端部には爪を挿入するための挿入孔５１ａが形成されている。挿入孔５１ａは、その先端方向に刃５１ｂが形成されている。また、上刃５１は、その前後方向の途中部に該上刃５１を固定するための螺子Ｂを螺入する螺子孔５１ｃが形成されている。さらに、上刃５１の後端から途中部に向けて後述する作動片５６をガイドするレール５１ｄが形成されている。<br/>
【０００４】<br/>
下刃５２は、上刃５１の裏面側に重ねられて該上刃５１と共に後述する本体５３の保持部５３Ａに摺動自在に保持されている。下刃５２は、その先端部が凹状の円弧状とされ、この円弧に刃５２ａが形成されている。また、下刃５２は、その後端から途中部に向けて作動片５６の先端部を挿入するための収納部５２ｂが形成されている。収納部５２ｂには、前後方向と直交状に作動片５６と下刃５２とを係止する係止ピンＰＳを挿入するための係止部５２ｃが形成されている。<br/>
【０００５】<br/>
これら上刃５１と下刃５２とを上記したように重ねて作動可能に保持する本体５３は、その先端部に上記した上刃５１と下刃５２とを保持する保持部５３Ａが、途中箇所に後述する操作杆５５を枢止する枢止部５３Ｂが、後端部に全体を使用者が把持するための把持部５３Ｃが、各々形成されている。<br/>
【０００６】<br/>
保持部５３Ａには、前後方向に対する左右を、上刃５１と下刃５２とを重ねて挿入できる程度の厚みを形成しつつ中央に折り返した保持孔５３Ａａが形成されている。そして、保持孔５３Ａａを形成する折り返し片のそれぞれには、螺子Ｂを螺入する螺子孔５３Ａｂ，５３Ａｂが上記した上刃５１の螺子孔５１ｃ，５１ｃに対応して形成されている。<br/>
【０００７】<br/>
この保持部５３Ａにおいて、折り返し片の表面にはカバー５４が設けられる。このカバー５４は、本体５３における保持部５３Ａから枢止部５３Ｂに亘る表面部を覆うものであり、上記した保持部５３Ａの螺子孔５３Ａｂ，５３Ａｂに対応した螺子孔５４ａ，５４ａが形成されている。<br/>
【０００８】<br/>
よって、螺子Ｂ，Ｂはカバー５４の螺子孔５４ａ，５４ａ及び保持部５３Ａの螺子孔５３Ａｂ，５３Ａｂを介して上刃５１の螺子孔５１ｃ，５１ｃに螺入されることとなり、上刃５１は、螺子Ｂ，Ｂによって本体５３Ｃの保持部５３Ａとカバー５４とに一体的に設けられていることになる。<br/>
【０００９】<br/>
枢止部５３Ｂは、本体５３において前後方向に対する左右を上刃５１及び下刃５２の面と略直交する方向に折り曲げて形成されている。折り曲げた各々の頂上部間には操作杆５５の所要厚みを残した隙間が形成されている。また、頂上部における隙間には、操作杆５５の支点部５５Ａが挿入される。さらに、枢止部５３Ｂの折り曲げた頂上部の各々には、後述する操作杆５５の支点部５５Ａを枢支するためのピンＰ１を挿入する枢支孔５３Ｂａが形成されている。<br/>
【００１０】<br/>
操作杆５５は、先端部における前後方向に対して左右が上刃５１及び下刃５２と略直交するように折り曲げられており、この折り曲げられた部位に、枢支部５３Ｂの枢支孔５３Ｂａ，５３Ｂａに対応する枢止孔５５Ａａ，５５Ａａが形成されていると共に、作動片５６の係止孔５６ｂに対応する係止孔５５Ａｂが形成されている。<br/>
【００１１】<br/>
ピンＰ１は、枢支部５３Ｂの枢支孔５３Ｂａ，５３Ｂａ及び操作杆５５の枢止孔５５Ａａ，５５Ａａに挿入される。よって、操作杆５５は、ピンＰ１によって本体５３の枢支部５３Ｂに枢支されることとなる。<br/>
【００１２】<br/>
また、操作杆５５は、支点部５５Ａの前後方向の反対側に把持部５５Ｂが形成されている。爪切り５０は、操作杆５５の把持部５５Ｂ及び本体５３の把持部５３Ｃが使用者に把持される。<br/>
【００１３】<br/>
操作杆５５の支点部５５Ａにおける折り曲げられた部位の内側に挿入される作動片５６は、操作杆５５の支点部５５Ａにおける係止孔５５Ａｂの円弧運動を直線運動に変換するものである。作動片５６はその先端部に係止孔５６ａが形成されており、この係止孔５６ａには係止ピンＰＳが挿通される。係止ピンＰＳは、下刃５２の収納部５２ｂにおける係止部５２ｃで係止される。<br/>
【００１４】<br/>
また、作動部５６は、その前後方向の途中箇所に、操作杆５５の係止孔５５Ａｂ，５５Ａｂと対応する係止孔５６ｂが形成されている。これら係止孔５５Ａｂ、係止孔５６ｂ、係止孔５５Ａｂには、この順に係止ピンＰ２が挿通される。また、作動片５６の係止孔５６ｂの近傍には、短縮状態が自然長とされるスプリングＳＰの一端を係合する係合孔５６ｃが形成されている。<br/>
【００１５】<br/>
把持部５３Ｃは操作杆５５に面した側の前後方向の途中箇所に、係合片５３Ｃａが形成されており、この係合片５３Ｃａに上記したスプリングＳＰの他端が係合している。<br/>
【００１６】<br/>
上記構成の爪切り５０は、上刃５１の挿入孔５１ａに動物の爪を挿入し、把持部５５Ｂ及び把持部５３Ｃを使用者が把持して、把持部５３Ｃに対して把持部５５Ｂを接近させるように操作する。このとき、操作杆５５における支点部５５Ａの係止孔５５Ａｂが、下方及び前方へと円弧状に運動する。<br/>
【００１７】<br/>
上記操作杆５５における支点部５５Ａ及び係止孔５５Ａｂの上記した円弧運動に伴って、作動片５６の先端部（係止孔５６ａ）は、上方に向いつつ前進する円弧状に運動しようとするが、ピンＰ２及び係止ピンＰＳにより前後のみの直線運動に変換される。<br/>
【００１８】<br/>
この作用によって下刃５２は保持部５３Ａの保持孔５３Ａａから突出して上刃５１に対して摺動する。このときの作動片５６の先端は、上刃５１のレール５１ｄ内でガイドされ、該レール５１ｄの先端部に当接するまで前進移動する。そして、下刃５２が上刃５１に対して摺動したとき、各々における刃５２ａ及び刃５１ｂによって爪が切断される。<br/>
【００１９】<br/>
【考案が解決しようとする課題】<br/>
しかしながら、上記した従来の爪切り５０には、以下の問題があった。すなわち＜Ａ＞部に示すように、カバー５４は、操作杆５５の先端部をも覆うようになっている。ところが、このような構成では、操作杆５５を操作するとカバー５４と操作杆５５の先端部との間に隙間が生じ、操作杆５５がスプリングＳＰの付勢力によって初期状態に戻ったときに、前記隙間に指を挟んで怪我をする可能性がある。<br/>
【００２０】<br/>
また、＜Ｂ＞部に示すように、上刃５１は、カバー５４、保持部５３Ａと共に一体とされている。爪切り５０は、下刃５２が上刃５１に対して密着した状態で摺動することで爪を切るものであるから、上刃５１に対する下刃５２の上下方向の微調整は不可欠である。ところが、従来の爪切り５０は、下刃５２が保持部５３Ａの保持孔５３Ａａに保持されるのみで、上刃５１に対しては上下方向に、つまり上刃５１との密着度を微調整することができないといった問題があった。<br/>
【００２１】<br/>
さらに、＜Ｃ＞部に示すように、下刃５２は、保持部５３Ａの保持孔５３Ａａによって前後方向の移動をガイドされている。ところが、この構成では、下刃５２が保持孔５３Ａａから突出するにつれてその先端が前後方向に対して左右にぶれ、上刃５１と下刃５２の噛み合わせが適切に行われず、爪を確実に切ることができない可能性がある。<br/>
【００２２】<br/>
また、＜Ｄ＞部に示すように、下刃５２は、作動片５６の係止孔５６ａに挿通した係止ピンＰＳを係止部５２ｃに挿入することで、作動片５６と下刃５２とを係止状態としている。上刃５１及び下刃５２は長期の使用後に取り換えることとなる。上刃５１は螺子Ｂを外せば容易に保持孔５３Ａａから抜き出すことができ、また、螺子Ｂを螺入すれば容易に取り付けることができる。<br/>
【００２３】<br/>
ところが、従来の爪切り５０は、下刃５２を抜き出すために、まずカバー５４を外し、次いで操作杆５５を本体５３の枢支部５３Ｂから外し、このときに一体的に本体５３から外れる作動杆５６の先端部を引き上げることで係止ピンＰＳを下刃５２の係止部５２ｃから外すことで行う。<br/>
【００２４】<br/>
取り換えた下刃５２を取り付ける際には、係止ピンＳＰを作動片５６の係止孔５６ａに挿入してなおかつ係止部５２ｃに挿入した状態で、スプリングＳＰの他端を把持部５３Ｃの係合片５３Ｃａに係合しなければならず、枢支部５３Ｂの非常に狭い空間で同時に行うことは不可能であり、実質的には下刃５２を取り付けることができないといった問題あった。<br/>
【００２５】<br/>
本考案は上記した問題点に鑑みてなされたものであり、使用時に指を挟む危険性がなく、また、下刃の上刃に対する密着度を調整することができると共に、下刃がぶれることなく安定して前後移動させることができ、さらに上刃と下刃を容易に交換することが可能な爪切りを提供することを目的とする。<br/>
【００２６】<br/>
【課題を解決するための手段】<br/>
上記の目的を達成するために、本考案は、保持孔の上下面の各々の対向部に螺子を挿通するための螺子挿通孔を形成し、上刃の前後方向の途中箇所に螺子を挿通するための上刃固定孔を形成すると共に、上刃の後端から上刃固定孔の近傍までに作動片の先端部の前後移動を案内するレールを形成し、さらに、下刃の前後方向の途中箇所に螺子を挿通し、該下刃の前後移動を許容すべく前後方向に長尺状とされたガイド孔を形成すると共に、下刃の後端部に作動片を係止する係止孔を形成し、また、作動片に下刃の係止孔と係合する係合部を形成したのである。このようにすることで、下刃の上刃に対する密着度を容易に調整することができ、また、下刃がぶれることなく安定して前後に移動可能となり、さらには上刃と下刃を容易に交換することができる。<br/>
【００２７】<br/>
【考案の実施の形態】<br/>
本考案は、操作杆の操作と共に作動する作動片の先端で係止された下刃が、前記本体に固定的に設けられた上刃に対して該本体の保持孔より前後摺動移動する爪切りにおいて、前記保持孔の上下面の各々の対向部に形成され、螺子を挿通するための螺子挿通孔と、前記上刃の前後方向の途中箇所に形成され、前記螺子を挿通するための上刃固定孔と、前記上刃の後端から前記上刃固定孔の近傍までに形成され、前記作動片の先端部の前後移動を案内するレールと、前記下刃の前後方向の途中箇所に形成され、前記螺子を挿通すると共に該下刃の前後移動を許容すべく前後方向に長尺状とされたガイド孔と、前記下刃の後端部に形成され、前記作動片を係止する係止孔と、前記作動片に形成され、前記下刃の前記係止孔と係合する係合部と、を備えたものである。<br/>
【００２８】<br/>
上記構成によれば、本考案の爪切りは、保持孔の上下面の各々の対向部に形成された螺子挿通孔と、上刃の上刃固定孔と、下刃のガイド孔とが連通し、これらに螺子を挿通するから、この螺子を締めることで保持孔の上下面の（上下）間隔が狭くなる。よって、上刃に対して下刃が密着して互いの刃が確実に噛み合うことになり、爪を確実かつ容易に切ることができる。<br/>
【００２９】<br/>
また、本考案の爪切りは、上記したように螺子で上刃が保持孔に取り付けられているから、螺子を外すのみで上刃を保持孔から抜き出すことができる。また、下刃は、螺子で保持孔に、さらに作動片の係合部と係止孔とが係合することで該作動片に、取り付けられているから、螺子を外して、一旦保持孔内に該下刃を退入させて係合部を係止孔から外せば保持孔から抜き出すことができる。<br/>
【００３０】<br/>
すなわち、従来のように全体を分解しなくても、螺子を外すのみで容易に下刃を保持孔から抜き出すことができる。そして、上記の逆を行えば同じく取り換えた下刃を容易に取り付けることができる。なお、取り換えた後の上刃と下刃の密着度の調整は上記したように容易に行える。<br/>
【００３１】<br/>
さらに、本考案の爪切りは、螺子がガイド孔に挿通しているから、ガイド孔に挿通された螺子が前後移動する下刃の左右のぶれを規制することになる。従って、爪を切る際に保持孔から突出するように前進移動する下刃は、左右にぶれることがなくなる。よって本考案の爪切りは、確実に爪を切ることができる。<br/>
【００３２】<br/>
【実施例】<br/>
以下に、本考案の実施例について図１〜図３を参照して説明する。図１は、本考案の爪切りの全体を示す。図２は、本考案の爪切りを分解した状態を示す。図図３は、本考案の爪切りの動作状況を示す。<br/>
【００３３】<br/>
本考案の爪切り１０は、次のように構成されている。１１は、先端部が凸状の円弧状とされ、この先端部に爪を挿入するための挿入孔１１ａが形成された上刃である。この上刃１１における挿入孔１１ａには、その先端方向に刃１１ｂが形成されている。また、上刃１１は、その前後方向の途中部に、該上刃１１及び後述する下刃１２を本体１３の保持部１３Ａに取り付けるための螺子Ｂが挿入される上刃固定孔１１ｃが形成されている。さらに、上刃１１の後端部から途中部に向けて後述する作動片１６をガイドするレール１１ｄが形成されている。<br/>
【００３４】<br/>
１２は、上刃１１の裏面側に重ねられて該上刃１１と共に後述する本体１３の保持部１３Ａに摺動自在に保持される下刃である。この下刃１２は、その先端部が凹状の円弧状とされ、この円弧に刃１２ａが形成されている。また、下刃１２は、その途中箇所に、螺子Ｂを挿通すると共に該下刃１２の前後移動を許容すべく前後方向に長尺状とされたガイド孔１２ｂが形成されている。さらに、下刃１２の後端部には、作動片１６の係合部１６ａを係止する係止孔１２ｃが形成されている。<br/>
【００３５】<br/>
１３は、上記上刃１１と下刃１２とを重ねて作動可能に保持する本体である。この本体１３は、その先端部に上刃１１と下刃１２とを保持する保持部１３Ａが、途中箇所に後述する操作杆１５を枢止する枢止部１３Ｂが、後端部に全体を使用者が把持するための把持部１３Ｃが、各々形成されている。<br/>
【００３６】<br/>
保持部１３Ａは、前後方向に対する左右を、上刃１１と下刃１２とを重ねて挿入できる程度の厚みを形成しつつ中央に折り返して保持孔１３Ａａを形成している。そして、保持孔１３Ａａを形成する上面の折り返し片を付き合わせた中央部及び下面における上面との対向位置に、螺子Ｂを挿通する螺子挿通孔１３Ａｂが、上記上刃１１の上刃固定孔１１ｃ、及び下刃１２のガイド孔１２ｂに対応して形成されている。<br/>
【００３７】<br/>
よって、螺子Ｂは、例えば保持部１３Ａの下面側の螺子挿通孔１３Ａｂから、下刃１２のガイド孔１２ｂ、上刃１１の上刃固定孔１１ｃを介して、保持部１３Ａの上面側の螺子挿通孔１３Ａｂから突出し、ここでナットＮに螺入する。よって、螺子Ｂを締め付けることで、保持孔１３Ａａの上下の間隔が狭くなり、上刃１１と下刃１２とが密着する。このようにすることで、上刃１１と下刃１２との密着度を容易に調整することが可能となる。<br/>
【００３８】<br/>
枢止部１３Ｂは、本体１３において前後方向に対する左右を上刃１１及び下刃１２の面と略直交する方向に折り曲げて形成されている。折り曲げた各々の頂上部間には操作杆１５の所要厚みを残した隙間が形成されている。また、頂上部における隙間には、操作杆１５の支点部１５Ａが挿入される。さらに、枢止部１３Ｂの折り曲げた頂上部の各々には、後述する操作杆１５の支点部１５Ａを枢支するためのピンＰ１を挿入する枢支孔１３Ｂａが形成されている。<br/>
【００３９】<br/>
操作杆１５は、先端部における前後方向に対して左右が上刃１１及び下刃１２と略直交するように折り曲げられており、この折り曲げられた部位に、枢支部１３Ｂの枢支孔１３Ｂａ，１３Ｂａに対応する枢止孔１５Ａａ，１５Ａａが形成されていると共に、作動片１６の係止孔１６ｂに対応する係止孔１５Ａｂが形成されている。<br/>
【００４０】<br/>
ピンＰ１は、枢支部１３Ｂの枢支孔１３Ｂａ，１３Ｂａ及び操作杆１５の枢止孔１５Ａａ，１５Ａａに挿入される。よって、操作杆１５は、ピンＰ１によって本体１３の枢支部１３Ｂに枢支されることとなる。<br/>
【００４１】<br/>
また、操作杆１５は、支点部１５Ａの前後方向の反対側に把持部１５Ｂが形成されている。爪切り１０は、操作杆１５の把持部１５Ｂ及び本体１３の把持部１３Ｃが使用者に把持される。<br/>
【００４２】<br/>
操作杆１５の支点部１５Ａにおける折り曲げられた部位の内側に挿入される作動片１６は、操作杆１５の支点部１５Ａにおける係止孔１５Ａｂの円弧運動を直線運動に変換するものである。作動片１６はその先端部に係止部１６ａが形成されており、係止部１６ａは上記下刃１２における係止孔１２ｃに係止される。<br/>
【００４３】<br/>
また、作動部１６は、その前後方向の途中箇所に、操作杆１５の係止孔１５Ａｂ，１５Ａｂと対応する係止孔１６ｂが形成されている。これら係止孔１５Ａｂ、係止孔１６ｂ、係止孔１５Ａｂには、この順に係止ピンＰ２が挿通される。また、作動片１６の係止孔１６ｂの近傍には、短縮状態が自然長とされるスプリングＳＰの一端を係合する係合孔１６ｃが形成されている。<br/>
【００４４】<br/>
把持部１３Ｃは操作杆１５に面した側の前後方向の途中箇所に係合片１３Ｃａが形成されており、この係合片１３Ｃａに上記したスプリングＳＰの他端が係合している。<br/>
【００４５】<br/>
上記構成の爪切り１０は、上刃１１の挿入孔１１ａに動物の爪を挿入し、把持部１５Ｂ及び把持部１３Ｃを使用者が把持して、把持部１３Ｃに対して把持部１５Ｂを接近させるように操作する。このとき、操作杆１５における支点部１５Ａの係止孔１５Ａｂが、下方及び前方へ円弧状に運動する。<br/>
【００４６】<br/>
上記操作杆１５における支点部１５Ａの係止孔１５Ａｂの円弧運動に伴って、作動片１６の先端部（係止部１６ａ）は、上方に向いつつ前進する円弧状に運動しようとするが、ピンＰ２及び係止部１６ａと係止孔１２ｃとの係止により前後のみの直線運動に変換される。<br/>
【００４７】<br/>
このときの動作をさらに詳細に説明すると、図３（ａ）に示す初期状態では、下刃１２は保持部１３Ａの保持孔１３Ａａ内に先端部を残したほぼ全体が収納されている。このとき、作動片１６の係合部１６ａは、下刃１２の係止孔１２ｃに係止された状態で上刃１のレール１１ｄにおける後端に位置している。もちろん、螺子Ｂは、上刃１１の上刃固定孔１１ｃ及び下刃１２のガイド孔１２ｂに挿通された状態である。<br/>
【００４８】<br/>
上記したように操作杆１５の把持部１５Ｂを本体１３の把持部１３Ｃに接近させるように操作すると、図３（ｂ）に示すように、作動片１６の係合部１６ａは、下刃１２の係止孔１２ｃに係止された状態で上刃１のレール１１ｄにおける前端に移動する。もちろん、螺子Ｂは、上刃１１の上刃固定孔１１ｃ及び下刃１２のガイド孔１２ｂに挿通された状態である。<br/>
【００４９】<br/>
すなわち、本考案の爪切り１０は、上刃１１のレール１１ｄによって作動片１６の係止部１６ａを前後方向に対する左右移動を規制すると共に、下刃１２のガイド孔１２ｂに螺子Ｂが挿通されていることによって下刃１２の前後移動に際して左右にぶれることを規制しているから、下刃１２が本体１３の保持部１３Ａ（保持孔１３Ａａ）から真っ直ぐに突出（退入）する。<br/>
【００５０】<br/>
この作用によって下刃１２が上刃１１に対して摺動したとき、刃１２ａ及び刃１１ｂとが相対的にぶれることなく確実かつ適正に噛み合って、従来に較べて容易にかつ確実に爪が切断される。<br/>
【００５１】<br/>
また、本考案の爪切り１０は、螺子Ｂを締めると、保持部１３Ａの保持孔１３Ａａの上下の間隔が狭くなると共に、これによって下刃１２と上刃１１とが密着する。従って、本考案の爪切り１０は、１つの螺子Ｂの締め具合で下刃１２と上刃１１との密着度を調整することが可能となる。<br/>
【００５２】<br/>
さらに、本考案の爪切り１０は、螺子Ｂを外すことで、上刃１１を本体１３における保持孔１３Ａａから抜き出すことができると共に、下刃１２を保持孔１３Ａａにおいて把持部１３Ｃ側に退入させた後、作動片１６の係合部１６ａと下刃１２の係止孔１２ｃとの係止状態を解除すれば保持孔１３Ａａから抜き出すことができる。<br/>
【００５３】<br/>
また、取り換えた上刃１１を再度本体１３に取り付けるには上刃固定孔１１ｃと螺子挿通孔１３Ａｂとを連通させ、取り換えた下刃１２を再度本体１３に取り付けるには下刃１２を保持孔１３Ａａ内に退入させて作動片１６の係合部１６ａと係止孔１２ｃとを係止した後に、該下刃１２を保持孔１３Ａａ内で前進させてガイド孔１２ｂを螺子層通孔１３Ａｂ及び上刃固定孔１１ｃとを連通させ、螺子Ｂを挿通すればよい。<br/>
【００５４】<br/>
このように、本考案の爪切り１０は、ピンＰ１及びＰ２を外したり、全体をほとんど分解した状態にすることなく、下刃１２と上刃１１とを容易に外すことができると共に、取り換えた下刃１２と上刃１１とを容易に取り付けることができると共に、取り換えた後には、上記したように下刃１２と上刃１１との密着度の調整を行うことができる。<br/>
【００５５】<br/>
さらには、従来の爪切りに存在していたカバー（図４及び図５参照）を省略して全体としての構成を簡素化しているので、カバーと操作杆１５の先端部の動きに伴って指を挟むことなどはあり得ず、安全に使用することが可能となる。<br/>
【００５６】<br/>
【考案の効果】<br/>
上記構成によれば、本考案の爪切りは、保持孔の上下面の各々の対向部に螺子を挿通するための螺子挿通孔を形成し、上刃の前後方向の途中箇所に螺子を挿通するための上刃固定孔を形成すると共に、上刃の後端から上刃固定孔の近傍までに作動片の先端部の前後移動を案内するレールを形成し、さらに、下刃の前後方向の途中箇所に螺子を挿通し、該下刃の前後移動を許容すべく前後方向に長尺状とされたガイド孔を形成すると共に、下刃の後端部に作動片を係止する係止孔を形成し、また、作動片に下刃の係止孔と係合する係合部を形成したので、従来のように全体を分解しなくても、容易に下刃を保持孔から抜き出すことができると共に取り換えた下刃を容易に取り付けることができ、また、取り換えた後の上刃と下刃の密着度を螺子の締め具合によって容易に調整することができ、さらには、爪を切る際に下刃を左右にぶれることなく真っ直ぐに安定して保持孔から前進移動させて確実に爪を切ることができる。<br/>
【図面の簡単な説明】<br/>
【図１】本考案の爪切りの全体を示す斜視図である。<br/>
【図２】本考案の爪切りの分解斜視図である。<br/>
【図３】本考案の爪切りにおける上刃及び下刃周辺の動作状況を示し、（ａ）は初期状態を、（ｂ）は爪を切ったときの状態を、各々示す図である。<br/>
【図４】従来の爪切りの全体を示す斜視図である。<br/>
【図５】従来の爪切りの分解斜視図である。<br/>
【符号の説明】<br/>
１０　爪切り<br/>
１１　上刃<br/>
１１ｃ　上刃固定孔<br/>
１１ｄ　レール<br/>
１２　下刃<br/>
１２ｂ　ガイド孔<br/>
１２ｃ　係止孔<br/>
１３　本体<br/>
１３Ａ　保持部<br/>
１３Ａａ　保持孔<br/>
１３Ａｂ　螺子挿通孔<br/>
１６　作動片<br/>
１６ａ　係合部<br/>
Ｂ　螺子<br/>
Ｎ　ナット</p>
    </description>
    <claims>
        <claim num="1">
            <claim-text>操作杆の操作と共に作動する作動片の先端で係止された下刃が、前記本体に固定的に設けられた上刃に対して該本体の保持孔より前後摺動移動する爪切りにおいて、前記保持孔の上下面の各々の対向部に形成され、螺子を挿通するための螺子挿通孔と、前記上刃の前後方向の途中箇所に形成され、前記螺子を挿通するための上刃固定孔と、前記上刃の後端から前記上刃固定孔の近傍までに形成され、前記作動片の先端部の前後移動を案内するレールと、前記下刃の前後方向の途中箇所に形成され、前記螺子を挿通すると共に該下刃の前後移動を許容すべく前後方向に長尺状とされたガイド孔と、前記下刃の後端部に形成され、前記作動片を係止する係止孔と、前記作動片に形成され、前記下刃の前記係止孔と係合する係合部と、を備えたことを特徴とする爪切り。</claim-text>
        </claim>
    </claims>
    <abstract>
      <p num="">【課題】下刃の上刃に対する密着度を調整することができると共に、下刃がぶれることなく安定して前後に移動させることができ、さらに上刃と下刃を容易に交換することが可能な爪切りを提供する。<br/>【解決手段】保持孔１３Ａａの上下面の各々の対向部位に形成された螺子挿通孔１３Ａｂ、上刃１１の途中箇所に形成された上刃固定孔１１ｃ、下刃１２の前後移動を許容すべく前後方向に長尺状で該下刃１２の途中箇所に形成されたガイド孔１２ｂ、を連通させて螺子Ｂで一体とする構成とした。このようにすることで、下刃１２の上刃１１に対する密着度を容易に調整することができ、また、下刃１２がぶれることなく安定して前後に移動可能となり、さらには上刃１１と下刃１２を容易に交換することができる。<br/>【選択図】　　　　図２</p>
    </abstract>
    <drawings>
        <figure num="1">
            <img he="75" id="000003" wi="73" file="0003096809.tif" img-format="tif" img-content="drawing"/>
        </figure>
        <figure num="2">
            <img he="108" id="000004" wi="74" file="0003096809.tif" img-format="tif" img-content="drawing"/>
        </figure>
        <figure num="3">
            <img he="118" id="000005" wi="73" file="0003096809.tif" img-format="tif" img-content="drawing"/>
        </figure>
        <figure num="4">
            <img he="74" id="000006" wi="73" file="0003096809.tif" img-format="tif" img-content="drawing"/>
        </figure>
        <figure num="5">
            <img he="105" id="000007" wi="73" file="0003096809.tif" img-format="tif" img-content="drawing"/>
        </figure>
    </drawings>
</jp-official-gazette>
