
<?xml-stylesheet type="text/xsl" href="../../../../../XSL/gat-u9.xsl"?>
<!DOCTYPE jp-official-gazette PUBLIC "-//JPO//DTD REGISTERED UTILITY MODEL 1.0//EN" "../../../../../DTD/gat-u9.dtd">
<jp-official-gazette lang="ja" country="JP" xmlns:jp="http://www.jpo.go.jp" kind-of-jp="U9" dtd-version="1.0" kind-of-st16="U">
    <bibliographic-data lang="ja" country="JP">
        <publication-reference>
            <document-id>
                <country>JP</country>
                <doc-number>3096802</doc-number>
                <kind>登録実用新案公報(U)</kind>
                <date>20030716</date>
            </document-id>
        </publication-reference>
        <application-reference>
            <document-id>
                <doc-number>2003001703</doc-number>
                <date>20030331</date>
            </document-id>
        </application-reference>
        <invention-title>電気魔法瓶湯ポンプ電気回路構造</invention-title>
        <parties>
            <jp:applicants-agents-article>
                <jp:applicants-agents sequence="1">
                    <applicant sequence="1">
                        <addressbook lang="ja">
                            <name>宏柏實業股▲ふん▼有限公司</name>
                            <registered-number>503119247</registered-number>
                            <address>
                                <text>台湾台北縣板橋市龍泉街５４巷１４號</text>
                            </address>
                        </addressbook>
                    </applicant>
                    <agent jp:kind="representative" sequence="1">
                        <addressbook>
                            <name>伊東　忠彦</name>
                            <registered-number>100070150</registered-number>
                        </addressbook>
                        <jp:attorney/>
                    </agent>
                    <agent jp:kind="representative" sequence="2">
                        <addressbook>
                            <name>大貫　進介</name>
                            <registered-number>100091214</registered-number>
                        </addressbook>
                        <jp:attorney/>
                    </agent>
                    <agent jp:kind="representative" sequence="3">
                        <addressbook>
                            <name>伊東　忠重</name>
                            <registered-number>100107766</registered-number>
                        </addressbook>
                        <jp:attorney/>
                    </agent>
                </jp:applicants-agents>
            </jp:applicants-agents-article>
            <inventors>
                <inventor sequence="1">
                    <addressbook>
                        <name>張　貴　堂</name>
                        <address>
                            <text>台湾台北縣板橋市龍泉街５４巷１４號</text>
                        </address>
                    </addressbook>
                </inventor>
            </inventors>
        </parties>
        <dates-of-public-availability>
            <printed-with-grant>
                <document-id>
                    <date>20040108</date>
                </document-id>
            </printed-with-grant>
        </dates-of-public-availability>
        <classification-ipc>
            <edition>7</edition>
            <main-clsf>A47J27/21</main-clsf>
        </classification-ipc>
        <classification-national>
            <country>JP</country>
            <main-clsf>A47J27/21 101T</main-clsf>
        </classification-national>
        <number-of-claims jp:adopted-law="claim">3</number-of-claims>
        <figure-to-publish>
            <fig-number>1</fig-number>
        </figure-to-publish>
        <jp:request-for-registrability-report true-or-false="false"/>
        <jp:filing-form>ＯＬ</jp:filing-form>
        <jp:total-pages>4</jp:total-pages>
    </bibliographic-data>
    <jp:image-of-bibliographic-data>
        <img he="140" id="000001" wi="160" file="0003096802.tif" img-format="tif" img-content="drawing"/>
    </jp:image-of-bibliographic-data>
    <jp:image-of-chosen-drawing>
        <img he="49" id="000002" wi="69" file="0003096802.tif" img-format="tif" img-content="drawing"/>
    </jp:image-of-chosen-drawing>
    <description>
        <p num="">【０００１】<br/>
【考案の属する技術分野】<br/>
本考案は、電気魔法瓶湯ポンプ電気回路構造に係わり、特に保温作用によって省エネルギーの目的を図れる電気魔法瓶湯ポンプ電気回路構造に関する。<br/>
【０００２】<br/>
【従来の技術】<br/>
普段では、電気魔法瓶の駆動電気回路は、設計される際、すべてコントロール手段やコントロール・ユニットなどに加熱片を合せることによって保温や沸騰などの機能を実行する。例えば、日本特開平９−１５４７３３号と特開平５−１１５３７０号に開示されるものがそのようなものである。それらの構造の場合では、そのコントロール・ユニットの構成素子が電気魔法瓶の組立の際のコストを多くすることがあるので、一般の消費者に対しては、いずれの利点も有さず、それらの構成素子の点数と組立手数を効果的に減少できると共に、同様に保温と沸騰する機能を達成できるならば、マーケットではきっと競争力を大幅に向上できると予測された。<br/>
【０００３】<br/>
【考案が解決しようとする課題】<br/>
そのため、本考案は、保温片を利用することによって電熱転換の方式を利用して熱エネルギーを生じることにより、省エネルギーの目的を図れる電気魔法瓶を提供する。<br/>
【０００４】<br/>
また、本考案は、構成素子にはコントロール手段やコントロール・ユニットなどを使用する必要はないため、構成素子の点数と組立のコストを低減できる目的を達成できる、電気魔法瓶湯ポンプ電気回路構造を提供する。<br/>
【０００５】<br/>
【課題を解決するための手段】<br/>
前記の目的を図るために、本考案は、整流ろ波電気回路の入力端とスイッチ素子との接続しあう箇所に保温片を接続し、且つ当該保温片が前記スイッチ素子のオフ時に、入力される交流電源をその両端部に印加して熱エネルギーを生じることによって電気魔法瓶の保温機能を提供し、且つ電気ポンプが給水する時に、スイッチ素子をブレークし、前記整流ろ波電気回路によって駆動手段に仕事電力を供給するようにする、電気魔法瓶湯ポンプ電気回路構造を提供する。<br/>
【０００６】<br/>
以下に、本考案の特徴と技術内容を詳細に開示するために、添付図面を参照しながら、本考案の好適な実施の形態を詳細的で具体的に説明するが、それらの詳細的で具体的な説明による構成は単に本考案の実施可能な好適な実施例に過ぎず、本考案の主張範囲を狭義的に制限するものではない。<br/>
【０００７】<br/>
【考案の実施の形態】<br/>
図１に示すのは、本考案の電気魔法瓶湯ポンプ電気回路構造を示す電気回路図であり、本考案による電気魔法瓶湯ポンプ電気回路構造には、図に示すように、駆動手段１と、整流ろ波電気回路２と、スイッチ素子３と、保温片４とを備える。そのうち、駆動手段１として、本実施の形態において、モータを採用する。また、整流路は電気回路２は、整流ダイオードＤと、電解コンデンサーＣとを接続してなるものであり、その出力端が駆動手段１と接続され、且つ前記整流路は電気回路２が入力される電力を駆動手段１に供給するための仕事用直流電力（ＤＣ　１２Ｖ）に転換する。また、スイッチ素子３の一端が前記整流路は電気回路２の入力端と接続しつつ、他端部がアースに接続され、スイッチ素子３がブレークされる場合に、整流路は電気回路２の作用によってその出力電圧を駆動手段１に電力として供給し、駆動手段１に仕事を実行させ、スイッチ素子３として半導体コントロール素子、例えば一方向シリコン・コントロール整流器（ＳＣＲ）または双方向シリコン・コントロール整流器（ＴＲＡＩＣ）などの素子を採用できる。<br/>
【０００８】<br/>
また、保温片４が前記交流電源ＡＣと前記整流路は電気回路２の入力端とスイッチ素子３との接続しあう箇所に接続され、保温片４がスイッチ素子３のオフ時に、入力される交流電源ＡＣをその両端部に印加して熱エネルギーを生成する。<br/>
【０００９】<br/>
また、スイッチ素子３がコントロールされることによりブレークになる場合に、駆動手段１が交流電源ＡＣと、保温片４と、ダイオードＤと回路を形成するので、続けて直流仕事電力を取得できるようになる。<br/>
【００１０】<br/>
図２に示すように、スイッチ素子３がコントロールされて短絡状態になる場合に、保温片４が交流電源ＡＣと回路を形成し、そのため、その保温片４に熱エネルギーを生じさせることができ、電気魔法瓶に省エネルギーの目的を図らせることができるようになる。<br/>
【００１１】<br/>
【考案の効果】<br/>
前記に説明した通り、本考案の電気回路の設計によって少なくとも次のような優れた点を有する。<br/>
１．スイッチ素子によってオン／オフ作動を実行できると共に、保温片の作用に合せると、生成した熱エネルギーを保温に利用できるので、省エネルギーの目的を図れる。<br/>
２．所謂コントロール手段やコントロール・ユニットなどを不要にするので、構成素子の点数と組立の手数を大幅に減少できるため、コストダウンの目的を図れる。<br/>
３．電気魔法瓶の販売性と使用率を効果的に向上できる。<br/>
【図面の簡単な説明】<br/>
【図１】本考案の電気回路図である。<br/>
【図２】本考案のスイッチ素子がオフ状態になる場合の電気回路図である。<br/>
【符号の説明】<br/>
１　　駆動手段<br/>
２　　整流路は電気回路<br/>
３　　スイッチ素子<br/>
４　　保温片<br/>
ＡＣ　交流電源</p>
    </description>
    <claims>
        <claim num="1">
            <claim-text>駆動手段と、<br/>
前記駆動手段に接続され、入力される電力を駆動手段の利用可能な仕事用直流電力に転換するための整流ろ波電気回路と、<br/>
前記電流ろ波電気回路に接続され、ブレークの時、前記整流ろ波電気回路の出力電圧を前記駆動手段に出力して仕事電力として利用する、スイッチ素子と、<br/>
前記整流ろ波電気回路の入力端と前記スイッチ素子の接続箇所に接続され、スイッチ素子がオフされる場合に、入力された交流電源を両端部に印加することによって熱エネルギーを生じ、それを保温に利用することによって省エネルギーの目的を図る、保温片とを少なくとも有することを特徴とする電気魔法瓶湯ポンプ電気回路構造。</claim-text>
        </claim>
        <claim num="2">
            <claim-text>前記スイッチ素子として半導体コントロール素子を使用することを特徴とする請求項１に記載の電気魔法瓶湯ポンプ電気回路構造。</claim-text>
        </claim>
        <claim num="3">
            <claim-text>前記半導体コントロール素子としてシリコン・コントロール素子を使用することを特徴とする請求項２に記載の電気魔法瓶湯ポンプ電気回路構造。</claim-text>
        </claim>
    </claims>
    <abstract>
      <p num="">【課題】構成素子にはコントロール手段やコントロール・ユニットなどを使用する必要はなく、構成素子の点数と組立のコストを低減できる目的を達成できる、電気魔法瓶湯ポンプ電気回路構造を提供する。<br/>【解決手段】整流ろ波電気回路の入力端とスイッチ素子との接続しあう箇所に保温片を接続し、且つ当該保温片が前記スイッチ素子のオフ時に、入力される交流電源をその両端部に印加して熱エネルギーを生じることによって電気魔法瓶の保温機能を提供し、且つ電気ポンプが給水する時に、スイッチ素子をブレークし、前記整流ろ波電気回路によって駆動手段に仕事電力を供給する。<br/>【選択図】　　　図１</p>
    </abstract>
    <drawings>
        <figure num="1">
            <img he="46" id="000003" wi="66" file="0003096802.tif" img-format="tif" img-content="drawing"/>
        </figure>
        <figure num="2">
            <img he="52" id="000004" wi="66" file="0003096802.tif" img-format="tif" img-content="drawing"/>
        </figure>
    </drawings>
</jp-official-gazette>
