
<?xml-stylesheet type="text/xsl" href="../../../../../XSL/gat-u9.xsl"?>
<!DOCTYPE jp-official-gazette PUBLIC "-//JPO//DTD REGISTERED UTILITY MODEL 1.0//EN" "../../../../../DTD/gat-u9.dtd">
<jp-official-gazette lang="ja" country="JP" xmlns:jp="http://www.jpo.go.jp" kind-of-jp="U9" dtd-version="1.0" kind-of-st16="U">
    <bibliographic-data lang="ja" country="JP">
        <publication-reference>
            <document-id>
                <country>JP</country>
                <doc-number>3096805</doc-number>
                <kind>登録実用新案公報(U)</kind>
                <date>20030716</date>
            </document-id>
        </publication-reference>
        <application-reference>
            <document-id>
                <doc-number>2003001706</doc-number>
                <date>20030331</date>
            </document-id>
        </application-reference>
        <invention-title>使い捨て式温度テストストリップ付き体温計</invention-title>
        <parties>
            <jp:applicants-agents-article>
                <jp:applicants-agents sequence="1">
                    <applicant sequence="1">
                        <addressbook lang="ja">
                            <name>捷威科技股▲ふん▼有限公司</name>
                            <registered-number>503102353</registered-number>
                            <address>
                                <text>台湾台北縣三重市光復路一段８８號７樓</text>
                            </address>
                        </addressbook>
                    </applicant>
                    <agent jp:kind="representative" sequence="1">
                        <addressbook>
                            <name>伊東　忠彦</name>
                            <registered-number>100070150</registered-number>
                        </addressbook>
                        <jp:attorney/>
                    </agent>
                    <agent jp:kind="representative" sequence="2">
                        <addressbook>
                            <name>大貫　進介</name>
                            <registered-number>100091214</registered-number>
                        </addressbook>
                        <jp:attorney/>
                    </agent>
                    <agent jp:kind="representative" sequence="3">
                        <addressbook>
                            <name>伊東　忠重</name>
                            <registered-number>100107766</registered-number>
                        </addressbook>
                        <jp:attorney/>
                    </agent>
                </jp:applicants-agents>
            </jp:applicants-agents-article>
            <inventors>
                <inventor sequence="1">
                    <addressbook>
                        <name>游　朱　義</name>
                        <address>
                            <text>台湾台北縣三重市光復路一段８８號７樓</text>
                        </address>
                    </addressbook>
                </inventor>
            </inventors>
        </parties>
        <dates-of-public-availability>
            <printed-with-grant>
                <document-id>
                    <date>20040108</date>
                </document-id>
            </printed-with-grant>
        </dates-of-public-availability>
        <classification-ipc>
            <edition>7</edition>
            <main-clsf>G01K7/00</main-clsf>
        </classification-ipc>
        <classification-national>
            <country>JP</country>
            <main-clsf>G01K7/00 341D</main-clsf>
            <further-clsf>G01K7/00 341P</further-clsf>
        </classification-national>
        <number-of-claims jp:adopted-law="claim">8</number-of-claims>
        <figure-to-publish>
            <fig-number>3</fig-number>
        </figure-to-publish>
        <jp:request-for-registrability-report true-or-false="false"/>
        <jp:filing-form>ＯＬ</jp:filing-form>
        <jp:total-pages>11</jp:total-pages>
    </bibliographic-data>
    <jp:image-of-bibliographic-data>
        <img he="140" id="000001" wi="160" file="0003096805.tif" img-format="tif" img-content="drawing"/>
    </jp:image-of-bibliographic-data>
    <jp:image-of-chosen-drawing>
        <img he="99" id="000002" wi="69" file="0003096805.tif" img-format="tif" img-content="drawing"/>
    </jp:image-of-chosen-drawing>
    <jp:abstract-correction/>
    <description>
        <p num="">【０００１】<br/>
【考案の属する技術分野】<br/>
本考案は一種の体温計に関し、特に、一種の使い捨て温度テストストリップ（ｔｅｍｐｅｒａｔｕｒｅ　ｔｅｓｔ　ｓｔｒｉｐ）及び温度記録器（ｔｅｍｐｅｒａｔｕｒｅ　ｒｅｃｏｒｄｅｒ）を結合して患者の温度を測量する体温計に関する。また、この他に温度測量の領域にも応用できる体温計に関する。<br/>
【０００２】<br/>
【従来の技術】<br/>
米国４，４８８，５６０号特許が開示する名刺型温度記録器に基づいて以下に従来の体温計について説明する。図１は、従来の体温計の構造を示す図である。図１に示す液晶指示器（ＬＣＤ　ｉｎｄｉｃａｔｏｒ）９は、一つのカレンダー指示器（ｃａｌｅｎｄａｒｉｎｄｉｃａｔｏｒ）Ａを含み、これにより毎月の日程表を表示する。また、一つの図解顕示器（ｉｌｌｕｓｔｒａｔｏｒ）Ｂがあり、これにより基礎体温図表（ｂａｓａｌ　ｂｏｄｉｌｙ　ｔｅｍｐｅｒａｔｕｒｅ　ｃｈａｒｔ）の時間、日付、及び体温を表示する。<br/>
【０００３】<br/>
温度感知測量器（ｔｅｍｐｅｒａｔｕｒｅ　ｍｅａｓｕｒｉｎｇ　ｓｅｎｓｏｒ）１は、直接一枚の感知チップと粘着され、かつ３本の導線を通じて温度記録器本体と連接されている。そして、感知器の加熱回路（ｓｅｎｓｏｒ　ｈｅａｔｉｎｇ　ｃｉｒｃｕｉｔ）３が一歩進んで予め温度感知測定器１を加熱し、これにより感知測定時間を短縮している。<br/>
【０００４】<br/>
操作スイッチ（ｓｗｉｔｃｈ）４ａは、名刺型温度記録器の真正面（ｆｒｏｎｔ　ｆａｃｅ）に配置され、かつ一つのスイッチマトリックス（ｓｗｉｔｃｈ　ｍａｔｒｉｘ）４に連接される。マイクロプロセッサー（ｍｉｃｒｏｐｒｏｃｅｓｓｏｒ）５は、指定される操作パターンに従い温度測量範囲（ｔｅｍｐｅｒａｔｕｒｅ　ｍｅａｓｕｒｉｎｇ　ｒａｎｇｅ）に対する制御シグナルを出力し、また体温測量サブプログラム（ｂｏｄｉｌｙ　ｔｅｍｐｅｒａｔｕｒｅ　ｍｅａｓｕｒｉｎｇ　ｒｏｕｔｉｎｅ）に入力される。<br/>
【０００５】<br/>
事前拡大器（ｐｒｅ−ａｍｐｌｉｆｉｅｒ）６は温度感知測量器１より送られたアナログシグナルを有効にＤＣ拡大した後に、アナログ−デジタルコンバーター（Ａ−Ｄ　ｃｏｎｖｅｒｔｅｒ）７に入力する。アナログ−デジタルコンバーターコントロールサーキット（Ａ−Ｄ　ｃｏｎｖｅｒｔｅｒ　ｃｏｎｔｒｏｌ　ｃｉｒｃｕｉｔ）８は、アナログ−デジタルコンバーター７の標準電圧を制御し、かつ温度測量範囲を３５℃〜４２℃の間で設定する。アナログ−デジタルコンバーター７は、直接マイクロプロセッサー５に出力する。マイクロプロセッサー５が出力するものは若干の制御シグナルである。例えば、液晶指示デジタルシグナル、圧電ブザー駆動信号、及び体温測量感知測量器制御シグナル等である。また、マイクロプロセッサーは、別途液晶駆動回路（ＬＣＤ　ｄｒｉｖｉｎｇ　ｃｉｒｃｕｉｔ）１０、液晶バイブレーター（ＬＣＤ　ｖｉｂｒａｔｏｒ）１１、及び圧電ブザー（ｐｉｅｚｏ−ｂｕｚｚｅｒ）１２と連接される。<br/>
【０００６】<br/>
上述の従来の技術は時間反応を加速するためであり、感知測量器加熱回路（ｓｅｎｓｏｒ　ｈｅａｔｉｎｇ　ｃｉｒｃｕｉｔ）を利用して一歩進んで予め温度感知測量器１を加熱し、これにより感知測量時間を短縮することが可能である。<br/>
【０００７】<br/>
【特許文献１】<br/>
米国特許第４，４８８，５６０号明細書<br/>
【考案が解決しようとする課題】<br/>
しかし、上述の従来の方式は内部設置の加熱器であるため、回路が複雑でコストが高く、及び高度エネルギー消耗（ｈｉｇｈ　ｅｎｅｒｇｙ　ｃｏｎｓｕｍｐｔｉｏｎ）等の問題がある。<br/>
【０００８】<br/>
また、従来の技術は使い捨て式の温度テストストリップを提供できないため、重複使用する必要があり、衛生上の問題を生じると同時に、異なる人に使用させることに適しない。<br/>
【０００９】<br/>
本考案の目的は、上述周知の技術問題を克服するために、構造簡素化及びコストダウンができ、必要とされる温度測量時間をも大幅減少できると共に、衛生の問題を改善することができる一種の使い捨て式温度テストストリップ付き体温計を提供することである。<br/>
【００１０】<br/>
【課題を解決するための手段】<br/>
上述の目的を実現するために、本考案は、一種の使い捨て式温度テストストリップ付き体温計であって、一つの使い捨て式温度テストストリップと、中空端部部品の内部表面に一つの熱接触面を有する一つの中空端部部品と、前記中空端部部品の熱接触面の内側に固着されることにより前記熱接触面の温度を感知測量し、かつ一つの温度シグナルを生じる一つの温度感知測量器と、前記温度感知測量器に連接されることにより前記温度シグナルを伝送する一つの伝送装置と、一つのテストストリップ挿入溝により前記使い捨て式温度テストストリップを挿入及び取り出しできる一つの温度記録器と、前記伝送装置と連接することにより前記温度シグナルを伝送、かつ一つの対応温度を表示する一つの顕示装置とを有することにより、温度テストストリップを体温測量後に捨てられるため、衛生の問題を改善でき、同時に異なる人の使用に適する。<br/>
【００１１】<br/>
また、本考案の温度テストストリップは偏平状であることにより構造簡素化及びコストダウンが可能となる。尚、温度テストストリップは、柱状またはチューブ状でも適応可能である。また、温度テストストリップの厚みを大体０．３ｍｍにすることが最適な構造である。<br/>
【００１２】<br/>
また、本考案の温度テストストリップは、快速の温度感知測量ヘッド構造を使用することにより、実験テストより発見されたことは、迅速に温度感知測量器を熱飽和に達させることができ、進んで時間反応５０％以上を減少できるため、加熱器を使用して感知測量時間を短縮する必要がなく、構造簡素化及びコストダウンができる。<br/>
【００１３】<br/>
本考案の温度記録器は別に一つのロック装置が付き、温度テストストリップをロックでき、これにより体温を測量する時に脱落または不用意に呑み込むことを回避できる。<br/>
【００１４】<br/>
また、伝送装置は最低一部分が中空端部部品の熱接触面内側に固着されることにより、シグナル伝送ラインで迅速に均衡温度に達させ、人体を被覆する皮膚の熱接触面は一つの加熱器のような機能を有するため、迅速にシグナル伝送ラインで均衡温度に達させられ、必要とされる温度測量時間をも大幅減少できる。<br/>
【００１５】<br/>
伝送ラインの固着方式は絶縁で、かつ良い導熱性質を具える導熱糊（ｇｌｕｅ）を使用できる、比較的良い適応方法はエポキシ（ｅｐｏｘｙ）粘着伝送ラインを接触面の内側に粘着する。<br/>
【００１６】<br/>
【考案の実施の形態】<br/>
上述した本考案の手段とその他目的、特徴及び効果を更に明確に分かり易くするため、以下の文章では、特に好適な実施の例を挙げ、かつ添付の図示と合わせて、詳細に説明する。<br/>
【００１７】<br/>
図２は、本考案の偏平状温度テストストリップ構造を示す図である。図２において、使い捨て式温度テストストリップの一つの実施例を表示するものであり、そのうち偏平状温度テストストリップ１ｂは一つの中空端部部品８０を有する。中空端部部品の表面は一つの熱接触面３０であり、温度感知測量器１１ｂは中空端部部品の熱接触面の内側に固着される。これにより、熱接触面の温度を感知測量し、かつ一つの温度シグナルを生じる。<br/>
【００１８】<br/>
伝送装置１２３は温度感知測量器１１ｂに連接され、これにより温度シグナルを伝送する。これにより、伝送装置１２３は最低一部分が中空端部部品８０の熱接触面３０の内側に固着される。伝送装置１２３は、一組の伝送ライン１２ｂ及び伝送ラインを連接する挿入連接端子１３ｂを有し、伝送ライン１２ｂは中空端部部品内に位置する。本実施例は、一部分を選んで熱接触面３０の内側に固着する。これにより、感知測量時間を短縮できる。挿入連接端子１３ｂを温度テストストリップ１ｂの外部に延伸することにより、温度記録器を挿入する。<br/>
【００１９】<br/>
その中、偏平状温度テストストリップの厚みは僅か０．３ｍｍであるため、比較的良い熱接触があり、熱飽和時間を短縮でき、進んで温度感知測量時間を３秒まで短縮できる。<br/>
【００２０】<br/>
図３は、本考案の温度読み取り装置の構造を示す図である。図４〜６は、本考案のロック装置の構造を示す図である。先ず、図３は、温度読み取り装置の一つの実施例を表示するものである。図３において、温度読み取り装置２ｂは一つのテストストリップ挿入溝３１２ｂが付き、これにより使い捨て式温度テストストリップ１ｂを挿入と取り出しできる。また、一つの顕示装置２１ｂを有し、伝送装置１２３の挿入連接端子（未表示）と連接し、これにより温度シグナルを受信し、かつ一つの対応温度を表示する。また一つの電源スイッチ２２ｂが付き、これにより顕示装置２１ｂの操作またはオン、オフ（ｏｎ　ａｎｄ　ｏｆｆ）を切り換える。<br/>
【００２１】<br/>
本実施例の温度読み取り装置は、更に一つのロック装置２３を付けることができこれにより使い捨て式温度テストストリップをロックする。<br/>
【００２２】<br/>
図４は、ロック装置２３の一つの実施例を示している。一つのロックスイッチ（ｌｏｃｋ　ｓｗｉｔｃｈ）２３ｂを有し、一つの底端部（ｌｏｗｅｒ　ｐｏｒｔｉｏｎ）３５１、頂端部（ｕｐｐｅｒ　ｐｏｒｔｉｏｎ）３５５及び両者を連接する彎曲部分（ｆｌｅｘｉｂｌｅ　ｐｏｒｔｉｏｎ）３５３より構成されるロック単元を有する。彎曲部分３５３は別に一つの挿入連接端子１３ｂを貫通する為のライン貫通孔（ｈｏｌｅ）３５２を有する。一つの軸心（ｓｐｉｎｄｌｅ）　３５６はスリーブ（ｓｌｅｅｖｅ）３５４に被覆され、スピンドルスリーブ３５４は頂端部３５５に連接される。レバー部分（ｌｅｖｅｒ　ｐｏｒｔｉｏｎ）３５７は、スピンドルスリーブ３５４を貫通してスピンドル３５６に連接される。レバー部受力板３５８は水平にレバー部３５７より延伸され、これによりロックスイッチ２３ｂを受け継ぐ。<br/>
【００２３】<br/>
レバー部３５７と頂端部３５５及び彎曲部分３５３の接触点が一つの支点３５３ａを構成するため、ロックスイッチ２３ｂが力を受けない場合、彎曲部分が変形しないため、テストストリップ挿入溝の開口の所２３ａが閉合状態を呈する。<br/>
【００２４】<br/>
ロックスイッチ２３ｂが力を受けてレバー部の受力板３５８を圧迫する時は、支点３５３ａを借りて、レバー部３５６と連接するスピンドル３５６が上向きに位置移動を生じて、彎曲部分が変形する。頂端部３５５と底端部３５１が開口を生じて、温度テストストリップ１ｂが開口より挿入でき、温度テストストリップ外側に位置する挿入連接端子１３ｂがライン貫通孔３５２を貫通して顕示装置と連接する。<br/>
【００２５】<br/>
ユーザーがロックスイッチ２３ｂを放した時、テストストリップ挿入溝の開口の所２３ａが直ちに閉合状態に回復して、温度テストストリップをロックする。<br/>
【００２６】<br/>
図５は、ロック装置２３のもう一つの実施例を示している。図３との差異は、頂端部または底端部の開口の所で一つの直線方向のピン３６９ａと連接すると同時に、温度テストストリップ本体の対応位置で別に一つのピン挿入孔３６９ｂを設置する。このため、ロックスイッチ２３ｂが力を受けて頂端部３５５と底端部３５１で開口が生じる時、温度テストストリップ１ｂが開口より挿入し、かつユーザーがロックスイッチ２３ｂを放した時、挿入ピン３６９ａがちょうど温度テストストリップ本体のピン挿入孔３６９ｂに挿入するため、温度テストストリップをロックする。この時、温度テストストリップの外側に位置する挿入連接端子１３ｂがライン貫通孔３５２を貫通して顕示装置と電気的に連接する。<br/>
【００２７】<br/>
図６は、ロック装置２３のもう一つの実施例を示している。図３との差異は、頂端部と底端部の開口の所でそれぞれ一つの転輪３７０ａ、３７０ｂを設置し、転輪の表面では粗い表面があって摩擦力を増加する。底端部３５５ａでは別に一つのスピンドル３５６ａを設置し、それを一つのスリーブ３５４ａで被覆する、このスピンドルスリーブ３５４ａは頂端部３５５ａに連接される。本実施例では、スピンドル３５６ａ、３５６ｂを転輪３７０ａ、３７０ｂの円心の外側に偏向するため、転輪は内側向けて回転し、温度テストストリップを巻き入れる、但し転輪は外側向けて回転できないため、温度テストストリップが外側向けて滑り出すことを回避できる。測量完了時、ロックスイッチ２３ｂを下向け押せば、頂端部３５５ｂと底端部３５５ａが開口を生じて、テストストリップを取り出せる。<br/>
【００２８】<br/>
図７は、本考案の温度記録器の構造を示す図である。図７は、温度記録器の一つの実施例を示している。名刺型温度記録器３ｂは一つの主機本体３１ｂであり、一つのテストストリップ挿入溝３１２ｂが付き主機本体３１ｂを形成、よって使い捨て式温度テストストリップ１ｂの挿入と取り出しができる。一つの顕示装置３２ｂが付き、伝送装置１２３の挿入連接端子（未表示）と連接することにより温度シグナルを受信し、かつ一つの対応温度を表示する。また一つの電源スイッチ２２ｂがあり、これにより顕示装置３２ｂの操作またはオン、オフを切り換える。<br/>
【００２９】<br/>
図８は、図７に示す顕示装置の体温記録表を示す図である。図８において毎日の測量を表示する体温記録表であり、また婦人基礎体温の測量にも適する。<br/>
【００３０】<br/>
温度記録器３ｂの主機本体は、更に一つのテストストリップ収納室３１１ｂを付けることができ、これにより最低一枚の使い捨て式温度テストストリップ１ｂを収納できる。<br/>
【００３１】<br/>
図９〜１１は、本考案のチューブ状温度テストストリップの構造を示す図である。図９は、使い捨て式温度テストストリップの一つの実施例を示している。チューブ状温度テストストリップ１００は、一つの感知測量ヘッド本体（ｐｒｏｂｅ　ｂｏｄｙ）１３０及び此の感知測量ヘッド本体１３０の中空端部部品（ｈｏｌｌｏｗ　ｔｉｐ　ｍｅｍｂｅｒ）２０に固着する部分を含む。中空端部部品２０は一つの熱接触面（ｔｈｅｒｍａｌ　ｃｏｎｔａｃｔ　ｓｕｒｆａｃｅ）３０、及び熱接触面に囲まれた中空腔体（ｃａｖｉｔｙ）８０を有する。<br/>
【００３２】<br/>
一つの温度感知測量器４０は、中空端部部品２０の熱接触面３０の内側の前端部１５０の如き位置に固着されることによりこの熱接触面の温度を感知測量し、かつ一つの温度シグナルを生じる。一組の伝送ライン９０が温度感知測量器４０に連接されることにより温度シグナルを伝送する。<br/>
【００３３】<br/>
図１０は、使い捨て式温度テストストリップのもう一つの実施例を示している。図９との差異は、この伝送ライン９０は最低一部分９０ａが導熱糊７０を通じて中空端部部品２０の熱接触面３０の内側に固着されていることである。<br/>
【００３４】<br/>
図１１は、使い捨て式温度テストストリップのもう一つの実施例を示している。図９との差異は、この伝送ライン９０は最低一部分９０’が導熱糊７０を通じて、螺旋状方式で中空端部部品２０の熱接触面３０の内側に固着されていることである。<br/>
【００３５】<br/>
上述各実施例の温度テストストリップの中空端部部品（ｈｏｌｌｏｗ　ｍｅｔａｌ　ｔｉｐ）の比較的良い材料は、金属材料である。例えば、ステンレス鋼、銀、またはプラチナ等高導熱率を具える材料である。その形状は偏平状またはチューブ状（ｔｕｂｕｌａｒ）であり、前端部は半球状、鐘（ｂｅｌｌ）状、または楕円球形で形成される。<br/>
【００３６】<br/>
一方、温度感知測量器４０の比較的良い適用例は、熱敏感電阻である。また、伝送ライン９０は皆導熱糊７０を通じて中空端部部品の熱接触面の内側に固着できる。導熱糊は、エポキシ等絶縁で且つ良好な導熱性質を具える材料を選択する。上述伝送ライン９０は，一対のシグナル以上の伝送ラインで構成する。<br/>
【００３７】<br/>
また、伝送ラインを熱接触面の内側に固着すれば、導熱効果を加速でき、進んで温度感知測量器が迅速に熱飽和に達することができ、測量時間を短縮することができ、過去の技術一般の様に別に加熱器を設置する必要がない。<br/>
【００３８】<br/>
本考案では、既に比較的良い実施例を以上の如く掲示したが、本発明を限定するものでない。本発明の範囲を逸脱しない範囲内でさまざまな修正、変更をすることが可能であるが、本発明の保護範囲は請求項に記載された範囲に限定されたものを基準にすべきである。<br/>
【００３９】<br/>
【考案の効果】<br/>
前記の説明と図面の掲載からわかるように、使い捨て式温度テストストリップ付き体温計において、構造簡素化及びコストダウンができ、必要とされる温度測量時間をも大幅減少できると共に、衛生の問題を改善することができる。<br/>
【図面の簡単な説明】<br/>
【図１】従来の体温計の構造を示す図である。<br/>
【図２】本考案の偏平状温度テストストリップ構造を示す図である。<br/>
【図３】本考案の温度読み取り装置の構造を示す図である。<br/>
【図４】本考案のロック装置の構造を示す図である。<br/>
【図５】本考案のロック装置の構造を示す図である。<br/>
【図６】本考案のロック装置の構造を示す図である。<br/>
【図７】本考案の温度記録器の構造を示す図である。<br/>
【図８】図７に示す顕示装置の体温記録表を示す図である。<br/>
【図９】本考案のチューブ状温度テストストリップの構造を示す図である。<br/>
【図１０】本考案のチューブ状温度テストストリップの構造を示す図である。<br/>
【図１１】本考案のチューブ状温度テストストリップの構造を示す図である。<br/>
【符号の説明】<br/>
１　　　　　　温度感知測量器（ｔｅｍｐｅｒａｔｕｒｅ　ｍｅａｓｕｒｉｎｇ　ｓｅｎｓｏｒ）<br/>
３　　　　　　感知測量器の加熱回路（ｓｅｎｓｏｒ　ｈｅａｔｉｎｇ　ｃｉｒｃｕｉｔ）<br/>
４　　　　　　ボタンスイッチ（ｓｗｉｔｃｈ）<br/>
５　　　　　　マイクロプロセッサー（ｍｉｃｒｏｐｒｏｃｅｓｓｏｒ）<br/>
６　　　　　　事前拡大器（ｐｒｅ−ａｍｐｌｉｆｉｅｒ）<br/>
７　　　　　　アナログ−デジタルコンバーター（Ａ−Ｄ　ｃｏｎｖｅｒｔｅｒ）<br/>
８　　　　　アナログ−デジタルコンバーター制御回路（Ａ−Ｄ　ｃｏｎｖｅｒｔｅｒ　ｃｏｎｔｒｏｌ<br/>
ｃｉｒｃｕｉｔ）９　　　　　　液晶指示器（ＬＣＤ　ｉｎｄｉｃａｔｏｒ）<br/>
１０　　　　　液晶駆動回路（ＬＣＤ　ｄｒｉｖｉｎｇ　ｃｉｒｃｕｉｔ）<br/>
１１　　　　　液晶バイブレーター（ＬＣＤ　ｖｉｂｒａｔｏｒ）<br/>
１２　　　　　圧電ブザー１（ｐｉｅｚｏ−ｂｕｚｚｅｒ）<br/>
１ｂ　　　　　偏平状温度テストストリップ（ｆｌａｔ　ｔｅｍｐｅｒａｔｕｒｅ　ｓｔｒｉｐ）<br/>
１１ｂ　　　　温度感知測量器（ｔｈｅｒｍａｌ　ｓｅｎｓｏｒ）<br/>
１２３　　　　伝送装置<br/>
１２ｂ　　　　伝送ライン（ｗｉｒｅｓ）<br/>
１３ｂ　　　　挿入連接端子（ｃｏｎｎｅｃｔｏｒ）<br/>
２ｂ　　　　　温度読み取り装置（ｔｅｍｐｅｒａｔｕｒｅ　ｒｅａｄｅｒ）<br/>
２１ｂ　　　　顕示器（ｄｉｓｐｌａｙ）<br/>
２２ｂ　　　　電源スイッチ（ｐｏｗｅｒ　ｓｗｉｔｃｈ）<br/>
２３　　　　　ロック装置（ｌａｔｃｈ）<br/>
２３ｂ　　　　ロックスイッチ（ｌｏｃｋ　ｓｗｉｔｃｈ）<br/>
３５１、３５５ａ　　底端部（ｌｏｗｅｒ　ｐｏｒｔｉｏｎ）<br/>
３５２　　　　貫通孔（ｈｏｌｅ）<br/>
３５３　　　　彎曲部分（ｆｌｅｘｉｂｌｅ　ｐｏｒｔｉｏｎ）<br/>
３５４、３５４ａ、３５４ｂ　　　スピンドルスリーブ（ｓｌｅｅｖｅ）<br/>
３５５、３５５ａ　　　頂端部（ｕｐｐｅｒ　ｐｏｒｔｉｏｎ）<br/>
３５６、３５６ａ、３５６ｂ　　スピンドル（ｓｐｉｎｄｌｅ）<br/>
３５７　　　　レバー部　（ｌｅｖｅｒ　ｐｏｒｔｉｏｎ）<br/>
３５８　　　　レバー部受力板<br/>
３６９ａ　　　挿しピン（ｐｉｎ）<br/>
３６９ｂ　　　挿しピン（ｐｉｎ）孔<br/>
３７０、３７０ｂ　　　転輪<br/>
３ｂ　　　　　名刺型温度記録器（ｃａｒｄ　ｓｈａｐｅ　ｔｅｍｐｅｒａｔｕｒｅ　ｒｅｃｏｒｄｅｒ）<br/>
３１ｂ　　　　主機本体　（ｍａｉｎ　ｂｏｄｙ）<br/>
３１１ｂ　　　テストストリップ収納室（ｓｔｒｉｐｓ　ｃｏｎｔａｉｎｅｒ）<br/>
１３ｂ　　　　挿入連接端子（ｃｏｎｎｅｃｔｏｒ）<br/>
３１２ｂ　　　テストストリップ挿入溝（ｓｌｏｔ）<br/>
１ｂ　　　　　偏平温度テストストリップ（ｆｌａｔ　ｔｅｍｐｅｒａｔｕｒｅ　ｔｅｓｔ　ｓｔｒｉｐ）<br/>
３２ｂ　　　　顕示器<br/>
２０　　　　　中空端部部品（ｈｏｌｌｏｗ　ｔｉｐ　ｍｅｍｂｅｒ）<br/>
３０　　　　　熱接触面（ｔｈｅｒｍａｌ　ｃｏｎｔａｃｔ　ｓｕｒｆａｃｅ）<br/>
４０　　　　　温度感知測量器<br/>
７０　　　　　導熱糊（ｈｅａｔ　ｃｏｎｄｕｃｔｉｖｅ　ｇｌｕｅ）<br/>
８０　　　　　中空腔体（ｈｏｌｌｏｗ　ｃａｖｉｔｙ）<br/>
９０、９０ａ、９０’　　伝送ライン<br/>
１００　　　　チューブ状温度テストストリップ（ｔｕｂｕｌａｒ　ｔｅｍｐｅｒａｔｕｒｅ　ｓｔｒｉｐ）<br/>
１３０　　　　温度テストストリップ本体（ｓｔｒｉｐ　ｂｏｄｙ）<br/>
１５０　　　　前端部（ｆｒｏｎｔ　ｅｎｄ）</p>
    </description>
    <claims>
        <claim num="1">
            <claim-text>一種の使い捨て式温度テストストリップ付き体温計であって、<br/>
一つの使い捨て式温度テストストリップと、<br/>
中空端部部品の内部表面に一つの熱接触面を有する一つの中空端部部品と、<br/>
前記中空端部部品の熱接触面の内側に固着されることにより前記熱接触面の温度を感知測量し、かつ一つの温度シグナルを生じる一つの温度感知測量器と、<br/>
前記温度感知測量器に連接されることにより前記温度シグナルを伝送する一つの伝送装置と、<br/>
一つのテストストリップ挿入溝により前記使い捨て式温度テストストリップを挿入及び取り出しできる一つの温度記録器と、<br/>
前記伝送装置と連接することにより前記温度シグナルを伝送、かつ一つの対応温度を表示する一つの顕示装置とを有することを特徴とする使い捨て式温度テストストリップ付き体温計。</claim-text>
        </claim>
        <claim num="2">
            <claim-text>前記使い捨て式温度テストストリップは偏平状であることを特徴とする請求項１記載の使い捨て式温度テストストリップ付き体温計。</claim-text>
        </claim>
        <claim num="3">
            <claim-text>前記使い捨て式温度テストストリップの厚みは大体０．３ｍｍであることを特徴とする請求項２記載の使い捨て式温度テストストリップ付き体温計。</claim-text>
        </claim>
        <claim num="4">
            <claim-text>前記使い捨て式温度テストストリップはチューブ状であることを特徴とする請求項２記載の使い捨て式温度テストストリップ付き体温計。</claim-text>
        </claim>
        <claim num="5">
            <claim-text>前記伝送装置は最低一部分が当中空端部部品の熱接触面の内側に固着されることを特徴とする請求項１記載の使い捨て式温度テストストリップ付き体温計。</claim-text>
        </claim>
        <claim num="6">
            <claim-text>前記伝送装置は、前記中空端部部品内に位置する一組の伝送ラインと、組伝送ラインに電性連接する一つの挿入連接端子とを有し、<br/>
前記挿入連接端子は当温度テストストリップの外部に延伸し、これにより前記温度記録器を挿入することを特徴とする請求項１記載の使い捨て式温度テストストリップ付き体温計。</claim-text>
        </claim>
        <claim num="7">
            <claim-text>前記温度記録器は、一つのロック装置が設けられることにより前記使い捨て式温度テストストリップをロックすることを特徴とする請求項１記載の使い捨て式温度テストストリップ付き体温計。</claim-text>
        </claim>
        <claim num="8">
            <claim-text>前記ロック装置は、一つのロックスイッチと、一つの底端部と、頂端部及び前記ロックスイッチと前記底端部とを連接する彎曲部分で構成するロック単元と、前記彎曲部分は、別に一つの前記挿入連接端子を貫通するためのライン貫通孔が設けられ、<br/>
一つのスピンドル、一つのスピンドルスリーブで被覆し、前記スピンドルスリーブを前記頂端部に連接し、<br/>
一つのレバー部、前記スピンドルスリーブを貫通して前記スピンドルと連接し、<br/>
一つのレバー部受力板、前記レバー部より延伸することにより前記ロックスイッチを受け継ぐことを特徴とする請求項７記載の使い捨て式温度テストストリップ付き体温計。</claim-text>
        </claim>
    </claims>
    <abstract>
      <p num="">【課題】使い捨て式温度テストストリップ付き体温計を提供する。<br/>【解決手段】温度読み取り装置２ｂは一つのテストストリップ挿入溝３１２ｂが付き、使い捨て式温度テストストリップ１ｂを挿入と取り出しできる。また、一つの顕示装置２１ｂを有し、伝送装置１２３の挿入連接端子（未表示）と連接し、温度シグナルを受信し、かつ一つの対応温度を表示する。電源スイッチ２２ｂは、顕示装置２１ｂのオン、オフ（ｏｎ　ａｎｄ　ｏｆｆ）を切り換える。<br/>【選択図】　　　図３</p>
    </abstract>
    <drawings>
        <figure num="1">
            <img he="110" id="000003" wi="58" file="0003096805.tif" img-format="tif" img-content="drawing"/>
        </figure>
        <figure num="2">
            <img he="107" id="000004" wi="76" file="0003096805.tif" img-format="tif" img-content="drawing"/>
        </figure>
        <figure num="3">
            <img he="64" id="000005" wi="44" file="0003096805.tif" img-format="tif" img-content="drawing"/>
        </figure>
        <figure num="4">
            <img he="114" id="000006" wi="44" file="0003096805.tif" img-format="tif" img-content="drawing"/>
        </figure>
        <figure num="5">
            <img he="114" id="000007" wi="44" file="0003096805.tif" img-format="tif" img-content="drawing"/>
        </figure>
        <figure num="6">
            <img he="114" id="000008" wi="45" file="0003096805.tif" img-format="tif" img-content="drawing"/>
        </figure>
        <figure num="7">
            <img he="81" id="000009" wi="76" file="0003096805.tif" img-format="tif" img-content="drawing"/>
        </figure>
        <figure num="8">
            <img he="86" id="000010" wi="57" file="0003096805.tif" img-format="tif" img-content="drawing"/>
        </figure>
        <figure num="9">
            <img he="78" id="000011" wi="52" file="0003096805.tif" img-format="tif" img-content="drawing"/>
        </figure>
        <figure num="10">
            <img he="79" id="000012" wi="53" file="0003096805.tif" img-format="tif" img-content="drawing"/>
        </figure>
        <figure num="11">
            <img he="77" id="000013" wi="53" file="0003096805.tif" img-format="tif" img-content="drawing"/>
        </figure>
    </drawings>
</jp-official-gazette>
