
<?xml-stylesheet type="text/xsl" href="../../../../../XSL/gat-u9.xsl"?>
<!DOCTYPE jp-official-gazette PUBLIC "-//JPO//DTD REGISTERED UTILITY MODEL 1.0//EN" "../../../../../DTD/gat-u9.dtd">
<jp-official-gazette lang="ja" country="JP" xmlns:jp="http://www.jpo.go.jp" kind-of-jp="U9" dtd-version="1.0" kind-of-st16="U">
    <bibliographic-data lang="ja" country="JP">
        <publication-reference>
            <document-id>
                <country>JP</country>
                <doc-number>3096807</doc-number>
                <kind>登録実用新案公報(U)</kind>
                <date>20030716</date>
            </document-id>
        </publication-reference>
        <application-reference>
            <document-id>
                <doc-number>2003001710</doc-number>
                <date>20030331</date>
            </document-id>
        </application-reference>
        <invention-title>クッション敷物</invention-title>
        <parties>
            <jp:applicants-agents-article>
                <jp:applicants-agents sequence="1">
                    <applicant sequence="1">
                        <addressbook lang="ja">
                            <name>株式会社　一歩</name>
                            <registered-number>502059984</registered-number>
                            <address>
                                <text>奈良県御所市東辻１７４番地の１</text>
                            </address>
                        </addressbook>
                    </applicant>
                    <agent jp:kind="representative" sequence="1">
                        <addressbook>
                            <name>西沢　茂稔</name>
                            <registered-number>100060092</registered-number>
                        </addressbook>
                        <jp:attorney/>
                    </agent>
                </jp:applicants-agents>
            </jp:applicants-agents-article>
            <inventors>
                <inventor sequence="1">
                    <addressbook>
                        <name>山名　勉</name>
                        <address>
                            <text>奈良県御所市東辻１７４番地の１　株式会社一歩内</text>
                        </address>
                    </addressbook>
                </inventor>
            </inventors>
        </parties>
        <dates-of-public-availability>
            <printed-with-grant>
                <document-id>
                    <date>20040108</date>
                </document-id>
            </printed-with-grant>
        </dates-of-public-availability>
        <classification-ipc>
            <edition>7</edition>
            <main-clsf>A47G27/02</main-clsf>
        </classification-ipc>
        <classification-national>
            <country>JP</country>
            <main-clsf>A47G27/02 102</main-clsf>
        </classification-national>
        <number-of-claims jp:adopted-law="claim">5</number-of-claims>
        <figure-to-publish>
            <fig-number>2</fig-number>
        </figure-to-publish>
        <jp:request-for-registrability-report true-or-false="false"/>
        <jp:filing-form>ＯＬ</jp:filing-form>
        <jp:total-pages>4</jp:total-pages>
    </bibliographic-data>
    <jp:image-of-bibliographic-data>
        <img he="140" id="000001" wi="160" file="0003096807.tif" img-format="tif" img-content="drawing"/>
    </jp:image-of-bibliographic-data>
    <jp:image-of-chosen-drawing>
        <img he="45" id="000002" wi="69" file="0003096807.tif" img-format="tif" img-content="drawing"/>
    </jp:image-of-chosen-drawing>
    <description>
        <p num="">【０００１】<br/>
【考案の属する技術分野】<br/>
この考案は、クッション性がよく、かつ、緩衝性のよいクッション敷物に関するものである。<br/>
【０００２】<br/>
【従来の技術】<br/>
従来から、袋にビーズを充填した敷物がある。<br/>
また、ウレタンフォームの敷物がある。<br/>
【０００３】<br/>
【考案が解決しようとする課題】<br/>
従来の袋にビーズを充填した敷物はクッション性が非常によいので、幼児や児童が敷物の上で飛び跳ねて倒れたり、頭から飛び込んだりすると、肘、膝、頭等を床に打ち付けて怪我をするおそれがある。<br/>
ウレタンフォームの敷物も厚さが薄いと、ビーズ充填敷物と同様に打撲し易いので、相当厚い敷物にしなければならない。<br/>
【０００４】<br/>
この考案は、クッション性がよく、かつ、その上で過激な動きをしても緩衝性がよいので床で打撲を受けないビーズとクッション材のプレートを用いたクッション敷物を提供することを目的とする。<br/>
【０００５】<br/>
【課題を解決するための手段】<br/>
上下２室に分けた袋の下方の室に、ウレタンフォーム、ＥＶＡ、その他のクッション材よりなるクッション材のプレートを収納し、上方の室にビーズを収納してクッション敷物とする。<br/>
上下２室に分けた袋の下方の室にクッション材のプレートを収納し、ビーズを一重または複数重ねの袋に収納し、該袋を前記上方の室に収納してもよい。<br/>
【０００６】<br/>
クッション材のプレートを収納した袋の上方に、ビーズを収納した袋を重ねて、双方の袋を一体化してクッション敷物とする。<br/>
【０００７】<br/>
クッション材のプレートの上にビーズを収納した袋を重ねて、それらを外袋内に収納してクッション敷物とする。<br/>
【０００８】<br/>
前記ビーズを収納した袋を、一重または複数重ねの袋とする。<br/>
【０００９】<br/>
【考案の実施の形態】<br/>
この考案の実施の形態を図面により説明する。<br/>
２つの袋１と２とを上下にして連結し、上方の袋１内にはビーズ３を充填し、下方の袋２内にはクッション材のプレート４を収納し、それぞれの袋を閉じる。１つの袋内に仕切り布を設けて上下２室に分けてもよい。<br/>
【００１０】<br/>
袋１および２は、布製やプラスチックシート製等柔軟なものであれば材料を問わない。<br/>
上方の袋１は、その上に人が座ったり、寝ころんだりしたときによく窪み、肌ざわりも心地好いように、一般にツーウエイ（２ｗａｙ）またはフリーウエイと言われ、二方向または四方八方へ伸縮する布地を用いるのが好ましい。<br/>
【００１１】<br/>
ビーズ３は、材料を限定しないが、角（カド）や尖端のない球状の小さな粒体が好ましい。<br/>
また、発泡スチロールのビーズが軽くて好ましい。<br/>
【００１２】<br/>
上下２段の袋１、２や仕切り布で内部を２室に分けた袋を用いないで、図３に示すように、外袋５内の底にクッション材のプレート４を収納し、その上に、ビーズ３を充填した袋６を収納し外袋５を閉じてもよい。<br/>
袋５や外袋６は、ツーウエイまたはフリーウエイの布で形成するのが好ましい。<br/>
【００１３】<br/>
図２に示す実施の形態においても、上方の袋１内に、ビーズ３を充填した袋６を収納してもよい。<br/>
袋６は、ツーウエイまたはフリーウエイの布で形成するのが好ましい。<br/>
【００１４】<br/>
ツーウエイまたはフリーウエイの布で形成した袋１、６は、クッション性が非常に良過ぎて、幼児等が過激な動きをすると、クッション材のプレート４が下に敷かれていても、頭や肘等を床で打って痛い場合があるので、図４に示すように、ビーズ３を袋６に収納し、更に袋６を袋７に収納、すなわち、ビーズ３を２重の袋に収納、更には３重の袋糖複数重ねの袋に収納すれば、緩衝性が高まり、幼児等が過激な動きをしても、急激に窪まず、安全であるので好ましい。<br/>
袋７も、ツーウエイまたはフリーウエイの布で形成するのが好ましい。<br/>
【００１５】<br/>
袋１、２、５、６、７において、ビーズ３やクッション材のプレート４の収納や、ビーズ３を収納した袋の収納のためにそれらを収納した後に開口を縫い付け等の方法で閉じてもよいが、各袋の洗濯や取替えのためには、ファスナーやホック等の係止具で開閉可能な構造にするのが好ましい。<br/>
【００１６】<br/>
【考案の効果】<br/>
この考案に係るクッション敷物は、クッション性が良くて気持ちがよく、しかも、緩衝性がよいので、その上で幼児等が過激な動きをしても、頭、肘、膝等を床に打ち付けることなく安全である。<br/>
【図面の簡単な説明】<br/>
【図１】クッション敷物の斜視図である。<br/>
【図２】クッション敷物の要部断面図である。<br/>
【図３】他の実施の形態のクッション敷物の要部断面図である。<br/>
【図４】他の実施の形態のビーズ収納の袋の要部断面図である。<br/>
【符号の説明】<br/>
１　袋<br/>
２　袋<br/>
３　ビーズ<br/>
４　クッション材のプレート<br/>
５　外袋<br/>
６　袋<br/>
７　袋</p>
    </description>
    <claims>
        <claim num="1">
            <claim-text>上下２室に分けた袋の下方の室にクッション材のプレートを収納し、上方の室にビーズを収納してなるクッション敷物。</claim-text>
        </claim>
        <claim num="2">
            <claim-text>上下２室に分けた袋の、下方の室にクッション材のプレートを収納し、ビーズを一重または複数重ねの袋に収納し、該袋を前記上方の室に収納してなることを特徴とする請求項１に記載のクッション敷物。</claim-text>
        </claim>
        <claim num="3">
            <claim-text>クッション材のプレートを収納した袋の上方に、ビーズを収納した袋を重ねて、双方の袋を一体化してなるクッション敷物。</claim-text>
        </claim>
        <claim num="4">
            <claim-text>クッション材のプレートの上にビーズを収納した袋を重ねて、それらを外袋内に収納してなるクッション敷物。</claim-text>
        </claim>
        <claim num="5">
            <claim-text>ビーズを収納した袋が一重または複数重ねの袋よりなることを特徴とする請求項３または４に記載のクッション敷物。</claim-text>
        </claim>
    </claims>
    <abstract>
      <p num="">【課題】クッション性がよく、その上で過激な動きをしても、緩衝性がよいので床で打撲を受けない、ビーズとクッション材のプレートを用いたクッション敷物を提供する。<br/>【解決手段】２つの袋１と２を上下に重ねて係止し、下方の袋２にウレタンフォームプ、ＥＶＡ、その他のクッション性の材料よりなるクッション材のプレート４を収納し、上方の袋１にビーズ３を収納してクッション敷物とする。上下２つの袋を重ねる代わりに、袋を上下２室に分けてもよい。ビーズを１重または複数重ねの袋に収納し、それを上方の袋１または上方の室に収納してもよい。<br/>クッション材のプレートの上に、ビーズを収納した１重または複数重ねの袋を載置し、それらを１つの外袋内に収納してもよい。<br/>【選択図】　　　　図２</p>
    </abstract>
    <drawings>
        <figure num="1">
            <img he="41" id="000003" wi="67" file="0003096807.tif" img-format="tif" img-content="drawing"/>
        </figure>
        <figure num="2">
            <img he="43" id="000004" wi="67" file="0003096807.tif" img-format="tif" img-content="drawing"/>
        </figure>
        <figure num="3">
            <img he="34" id="000005" wi="67" file="0003096807.tif" img-format="tif" img-content="drawing"/>
        </figure>
        <figure num="4">
            <img he="25" id="000006" wi="59" file="0003096807.tif" img-format="tif" img-content="drawing"/>
        </figure>
    </drawings>
</jp-official-gazette>
